team_a,team_b,win_a,draw,win_b,dc_win_a,elo_win_a,xgb_win_a,lam_a,lam_b
Algeria,Argentina,0.390661,0.205064,0.404274,0.05829209759690867,0.381888,0.7046250104904175,0.4369,2.1265
Algeria,Austria,0.509369,0.26161,0.229021,0.3537150973763706,0.51202,0.6513242125511169,1.1383,1.1107
Algeria,Jordan,0.373778,0.28962,0.336603,0.32776813744267946,0.536877,0.2937406301498413,1.0658,1.1342
Algeria,Australia,0.317656,0.280168,0.402177,0.20125213371917708,0.450792,0.3252381682395935,0.7693,1.3721
Algeria,Paraguay,0.442016,0.268356,0.289627,0.18388204756928855,0.541591,0.6058945059776306,0.6524,1.2613
Algeria,Turkey,0.504994,0.227166,0.26784,0.36105862244931347,0.380453,0.731709361076355,1.2843,1.2702
Algeria,United States,0.324514,0.253733,0.421752,0.20559062563268465,0.569756,0.2501678466796875,0.8928,1.5699
Algeria,Belgium,0.463519,0.235305,0.301176,0.22861740106679718,0.450598,0.6904645562171936,0.9566,1.5238
Algeria,Egypt,0.370707,0.309199,0.320094,0.3231644583267014,0.404265,0.3894522488117218,0.8895,0.8977
Algeria,Iran,0.411065,0.273745,0.315189,0.22474327327368576,0.453533,0.5514546036720276,0.8547,1.3723
Algeria,New Zealand,0.358575,0.264264,0.377161,0.17171399171970286,0.607397,0.3443654775619507,0.8,1.6531
Algeria,Bosnia and Herzegovina,0.61985,0.234114,0.146036,0.5822426289210264,0.599454,0.6699581742286682,1.6651,0.76
Algeria,Canada,0.382698,0.318099,0.299204,0.19330325969012602,0.536686,0.44210806488990784,0.7903,1.4683
Algeria,Qatar,0.519252,0.251618,0.22913,0.45338377757522413,0.621825,0.5030725002288818,1.522,1.1343
Algeria,Switzerland,0.406214,0.268672,0.325114,0.2545724862547715,0.43564,0.5243340730667114,0.9847,1.4069
Algeria,Brazil,0.330493,0.239338,0.43017,0.06342831234179983,0.475323,0.4686145484447479,0.4924,2.1996
Algeria,Haiti,0.554175,0.246557,0.199268,0.4871018792158125,0.505501,0.6527856588363647,1.564,1.0363
Algeria,Morocco,0.344917,0.278116,0.376967,0.17402793880692835,0.264385,0.5634817481040955,0.6155,1.2546
Algeria,Scotland,0.433987,0.266109,0.299904,0.38698330065043124,0.494324,0.432105153799057,1.212,1.0556
Algeria,Cape Verde,0.537107,0.267423,0.19547,0.5445537937430305,0.54402,0.5250239372253418,1.4538,0.6985
Algeria,Saudi Arabia,0.434357,0.290326,0.275317,0.31929709118902727,0.581018,0.43053191900253296,0.9012,0.9333
Algeria,Spain,0.302028,0.259558,0.438414,0.11980685534662013,0.228533,0.5257835388183594,0.7154,1.9689
Algeria,Uruguay,0.359029,0.261491,0.379481,0.11703006887655705,0.534917,0.4506264925003052,0.5522,1.6101
Algeria,Colombia,0.395947,0.22613,0.377923,0.09312428850147735,0.476948,0.615111231803894,0.603,2.029
Algeria,DR Congo,0.416778,0.317491,0.265731,0.3807373535474584,0.418743,0.4486317038536072,1.017,0.8279
Algeria,Portugal,0.423612,0.236824,0.339564,0.18080215247796974,0.434651,0.6398614645004272,0.8639,1.7034
Algeria,Uzbekistan,0.476517,0.271172,0.252311,0.27183097759528024,0.491383,0.6546356081962585,0.8069,1.0172
Algeria,Croatia,0.353977,0.283804,0.362219,0.2482187918464729,0.434875,0.390978068113327,0.8997,1.3047
Algeria,England,0.400411,0.229067,0.370522,0.1443281643137965,0.277733,0.7294383645057678,0.6398,1.5513
Algeria,Ghana,0.536337,0.273128,0.190536,0.42334512256805995,0.548813,0.6314521431922913,1.2185,0.908
Algeria,Panama,0.389248,0.272343,0.338409,0.33102058623628,0.488386,0.3685827851295471,1.1002,1.1671
Algeria,Curaçao,0.434926,0.265554,0.29952,0.4073536133405852,0.504431,0.40818437933921814,1.1713,0.9164
Algeria,Ecuador,0.410886,0.250424,0.33869,0.12748060282141055,0.471625,0.6273228526115417,0.5024,1.3769
Algeria,Germany,0.421629,0.230289,0.348082,0.19570484777309555,0.398819,0.6477052569389343,0.9709,1.7831
Algeria,Ivory Coast,0.469365,0.27048,0.260155,0.34438606432556257,0.417068,0.6242510080337524,0.9719,0.9224
Algeria,Czech Republic,0.453858,0.270511,0.275632,0.4227444001832742,0.569426,0.3957687020301819,1.3032,1.0125
Algeria,Mexico,0.468876,0.263377,0.267747,0.1981861447922791,0.511201,0.6873953342437744,0.7232,1.3042
Algeria,South Africa,0.556024,0.247819,0.196157,0.459982069989373,0.547969,0.6508955955505371,1.3105,0.8677
Algeria,South Korea,0.483307,0.238027,0.278666,0.22153708084580984,0.452131,0.7488195300102234,0.8329,1.354
Algeria,France,0.302728,0.255399,0.441873,0.16684378262446484,0.324087,0.4123373031616211,0.7447,1.5822
Algeria,Iraq,0.484695,0.273828,0.241477,0.34934535899144675,0.51613,0.5862367749214172,0.9643,0.8896
Algeria,Norway,0.453423,0.23784,0.308737,0.30050899852275775,0.34431,0.6768460273742676,1.1434,1.3876
Algeria,Senegal,0.338052,0.307634,0.354314,0.25653361268223546,0.338555,0.4130602777004242,0.8321,1.1425
Algeria,Japan,0.414932,0.236296,0.348771,0.13569929317121754,0.402305,0.682654082775116,0.6639,1.6865
Algeria,Netherlands,0.354125,0.285841,0.360035,0.21272724087681602,0.414229,0.4397118091583252,0.9458,1.6134
Algeria,Sweden,0.41192,0.258355,0.329725,0.38626655876474025,0.582139,0.30770742893218994,1.3242,1.2012
Algeria,Tunisia,0.471331,0.282817,0.245852,0.3317203690383152,0.488825,0.5872933268547058,0.916,0.8983
Argentina,Algeria,0.591063,0.22769,0.181246,0.7644685428349671,0.358112,0.6057883501052856,2.1265,0.4369
Argentina,Austria,0.647275,0.218305,0.13442,0.7615258267617523,0.501756,0.6509910225868225,2.0784,0.4167
Argentina,Jordan,0.511376,0.250647,0.237977,0.7350600071711894,0.527268,0.2925712466239929,1.9461,0.4255
Argentina,Australia,0.44593,0.278031,0.276039,0.5836011829607812,0.43939,0.32352909445762634,1.4048,0.5148
Argentina,Paraguay,0.560593,0.271124,0.168283,0.5333383441722269,0.532118,0.6071984171867371,1.1912,0.4732
Argentina,Turkey,0.62719,0.190804,0.182006,0.7894158213054298,0.368563,0.6715518832206726,2.3452,0.4765
Argentina,United States,0.46357,0.248458,0.287973,0.6204914597230533,0.561184,0.2450830638408661,1.6302,0.5889
Argentina,Belgium,0.606038,0.223422,0.17054,0.6527862884181899,0.439194,0.688206672668457,1.7468,0.5717
Argentina,Egypt,0.494472,0.270713,0.234815,0.6934343034476661,0.392444,0.3871597945690155,1.6243,0.3368
Argentina,Iran,0.545879,0.26275,0.191371,0.6246090929132291,0.442168,0.5510199666023254,1.5607,0.5148
Argentina,New Zealand,0.49358,0.27211,0.23431,0.5682310590895046,0.600255,0.3443654775619507,1.4607,0.6202
Argentina,Bosnia and Herzegovina,0.729397,0.172688,0.097915,0.9053455997843286,0.59199,0.6699581742286682,3.0405,0.2851
Argentina,Canada,0.514085,0.316069,0.169845,0.5834282441846038,0.527072,0.44019678235054016,1.4431,0.5509
Argentina,Qatar,0.656438,0.196241,0.147321,0.8557094740286671,0.615301,0.5030725002288818,2.7791,0.4255
Argentina,Switzerland,0.548515,0.248445,0.20304,0.6764236151420265,0.42406,0.5237683057785034,1.7981,0.5278
Argentina,Brazil,0.424031,0.302316,0.273653,0.3425598269325595,0.464298,0.46910831332206726,0.899,0.8252
Argentina,Haiti,0.684206,0.187264,0.12853,0.8706862973792369,0.495085,0.6538950204849243,2.8559,0.3888
Argentina,Morocco,0.458861,0.286978,0.254161,0.5125825320222424,0.253565,0.5634817481040955,1.1239,0.4707
Argentina,Scotland,0.569744,0.21776,0.212497,0.7890284496254278,0.483662,0.4316521883010864,2.2131,0.396
Argentina,Cape Verde,0.649009,0.203974,0.147017,0.8760557936324841,0.534619,0.5250151753425598,2.6547,0.262
Argentina,Saudi Arabia,0.561623,0.253466,0.184911,0.6942540324744552,0.572846,0.43053191900253296,1.6457,0.3502
Argentina,Spain,0.427922,0.289865,0.282213,0.4923004655817021,0.218506,0.5257835388183594,1.3063,0.7387
Argentina,Uruguay,0.466322,0.296355,0.237322,0.43539997122310997,0.525252,0.4506264925003052,1.0082,0.604
Argentina,Colombia,0.507389,0.271299,0.221312,0.4241690444814465,0.465951,0.6154946684837341,1.101,0.7612
Argentina,DR Congo,0.54176,0.268421,0.189818,0.7504845819183625,0.407011,0.4500136971473694,1.857,0.3106
Argentina,Portugal,0.562548,0.240732,0.19672,0.5933620017612684,0.42306,0.6388909220695496,1.5775,0.639
Argentina,Uzbekistan,0.601608,0.246192,0.1522,0.6425642192329019,0.480662,0.6546356081962585,1.4735,0.3816
Argentina,Croatia,0.489317,0.265817,0.244866,0.652077082647972,0.423287,0.38842830061912537,1.6429,0.4895
Argentina,England,0.518371,0.250229,0.231401,0.4940498426992004,0.266673,0.7300398349761963,1.1683,0.582
Argentina,Ghana,0.665552,0.219336,0.115112,0.8048246959841621,0.539558,0.6314521431922913,2.2249,0.3406
Argentina,Panama,0.528664,0.23354,0.237796,0.7434603153713158,0.477604,0.36840108036994934,2.0089,0.4378
Argentina,Curaçao,0.563528,0.213151,0.223321,0.7907489230552942,0.49399,0.4056616425514221,2.1389,0.3438
Argentina,Ecuador,0.511921,0.281111,0.206967,0.4277086158549939,0.460536,0.6284209489822388,0.9173,0.5166
Argentina,Germany,0.56819,0.228694,0.203116,0.6320499124793247,0.386974,0.645336925983429,1.7728,0.669
Argentina,Ivory Coast,0.596659,0.228995,0.174346,0.7236099721487057,0.405325,0.6230643391609192,1.7747,0.3461
Argentina,Czech Republic,0.587802,0.21729,0.194908,0.8173324383697034,0.560843,0.39579838514328003,2.3796,0.3799
Argentina,Mexico,0.593669,0.26041,0.145922,0.5674382343184962,0.500919,0.6876376867294312,1.3206,0.4893
Argentina,South Africa,0.68194,0.190419,0.12764,0.8319373721942316,0.538687,0.6508955955505371,2.3929,0.3255
Argentina,South Korea,0.614611,0.230075,0.155314,0.6164864090974663,0.440747,0.7435545325279236,1.5208,0.508
Argentina,France,0.430236,0.267505,0.302259,0.5479745774289121,0.312429,0.40989845991134644,1.3598,0.5936
Argentina,Iraq,0.611741,0.230891,0.157368,0.7243780767439608,0.505967,0.5870751142501831,1.7609,0.3337
Argentina,Norway,0.599954,0.206165,0.193881,0.7359961604871461,0.332505,0.6751605868339539,2.0878,0.5206
Argentina,Senegal,0.467061,0.287308,0.245631,0.6399051549645413,0.326785,0.412649929523468,1.5195,0.4286
Argentina,Japan,0.535343,0.261026,0.203631,0.4933369857388373,0.390474,0.6830735802650452,1.2123,0.6327
Argentina,Netherlands,0.498178,0.27789,0.223932,0.6389205732610128,0.402465,0.43995869159698486,1.727,0.6053
Argentina,Sweden,0.554688,0.210236,0.235076,0.8060542148107644,0.574009,0.30770742893218994,2.418,0.4506
Argentina,Tunisia,0.596953,0.243356,0.15969,0.7043342716010091,0.478052,0.5870157480239868,1.6726,0.337
Austria,Algeria,0.404964,0.27616,0.318876,0.3399758345953219,0.22798,0.5980857014656067,1.1107,1.1383
Austria,Argentina,0.333743,0.212234,0.454023,0.05736921988234219,0.238244,0.6611073017120361,0.4167,2.0784
Austria,Jordan,0.329995,0.291467,0.378538,0.31847682303518426,0.400061,0.28798380494117737,1.0165,1.1086
Austria,Australia,0.248522,0.281241,0.470237,0.1958352983767677,0.303171,0.25617119669914246,0.7338,1.3411
Austria,Paraguay,0.401857,0.268094,0.330048,0.17897262639052033,0.405975,0.6048831343650818,0.6222,1.2329
Austria,Turkey,0.433349,0.241745,0.324905,0.35081684495276994,0.236991,0.6572586894035339,1.2249,1.2415
Austria,United States,0.284481,0.248761,0.466758,0.20004049672877366,0.442828,0.24355557560920715,0.8515,1.5344
Austria,Belgium,0.393576,0.247414,0.359009,0.2223254475626165,0.302974,0.6200441122055054,0.9124,1.4894
Austria,Egypt,0.301644,0.311607,0.386749,0.31389288700410045,0.258274,0.32291486859321594,0.8484,0.8775
Austria,Iran,0.334798,0.285887,0.379315,0.21858190040418174,0.305964,0.46394407749176025,0.8152,1.3413
Austria,New Zealand,0.325843,0.257072,0.417085,0.16726574775685757,0.496541,0.34419623017311096,0.763,1.6158
Austria,Bosnia and Herzegovina,0.585203,0.231685,0.183112,0.567660530577673,0.484749,0.6769266724586487,1.5881,0.7429
Austria,Canada,0.340171,0.314574,0.345256,0.18815326676309252,0.399824,0.43591800332069397,0.7538,1.4352
Austria,Qatar,0.48163,0.258029,0.260341,0.4408833502781369,0.518635,0.49149906635284424,1.4516,1.1087
Austria,Switzerland,0.333306,0.281091,0.385602,0.2474685035594701,0.288039,0.4467114210128784,0.9392,1.3751
Austria,Brazil,0.257964,0.24741,0.494626,0.06237059486405971,0.328802,0.3856041133403778,0.4696,2.15
Austria,Haiti,0.479069,0.258691,0.262241,0.473935984462523,0.362415,0.5714927315711975,1.4917,1.0129
Austria,Morocco,0.311278,0.276073,0.412648,0.16942066265435352,0.146818,0.5660753846168518,0.587,1.2263
Austria,Scotland,0.360888,0.274482,0.36463,0.37609107044002626,0.349684,0.35525038838386536,1.156,1.0318
Austria,Cape Verde,0.492019,0.271579,0.236403,0.53041282710355,0.40905,0.5188723206520081,1.3866,0.6827
Austria,Saudi Arabia,0.396802,0.293291,0.309907,0.3101607813509544,0.458335,0.4306773543357849,0.8596,0.9123
Austria,Spain,0.275944,0.258016,0.46604,0.1170322163953888,0.122793,0.5380123257637024,0.6823,1.9245
Austria,Uruguay,0.31526,0.262878,0.421863,0.11432202949286058,0.397624,0.43917813897132874,0.5266,1.5737
Austria,Colombia,0.326228,0.236615,0.437157,0.09119199009988312,0.330552,0.5403371453285217,0.5751,1.9831
Austria,DR Congo,0.351955,0.320425,0.32762,0.3699085542360274,0.271755,0.3956296741962433,0.97,0.8093
Austria,Portugal,0.350449,0.25062,0.398932,0.1760492647135841,0.287069,0.5593672394752502,0.824,1.6649
Austria,Uzbekistan,0.404068,0.283563,0.312368,0.2641065447304209,0.346391,0.5768536329269409,0.7696,0.9942
Austria,Croatia,0.282909,0.290312,0.426779,0.2413146152659271,0.287289,0.318082720041275,0.8581,1.2752
Austria,England,0.364288,0.231488,0.404224,0.1407559350034881,0.15618,0.7274228930473328,0.6102,1.5163
Austria,Ghana,0.491182,0.274868,0.233949,0.4115485411038557,0.415173,0.6219557523727417,1.1621,0.8875
Austria,Panama,0.314012,0.278781,0.407207,0.32163856010702346,0.343058,0.28512874245643616,1.0493,1.1407
Austria,Curaçao,0.360695,0.271182,0.368123,0.39593392268765176,0.361181,0.3277411162853241,1.1172,0.8957
Austria,Ecuador,0.337755,0.262992,0.399253,0.1243674940728516,0.324845,0.5447958707809448,0.4791,1.3458
Austria,Germany,0.355474,0.240611,0.403915,0.19043776527592357,0.253311,0.5848838090896606,0.926,1.7429
Austria,Ivory Coast,0.397422,0.287066,0.315512,0.3345620579770292,0.270174,0.551193118095398,0.927,0.9016
Austria,Czech Republic,0.412917,0.274953,0.31213,0.4109754350328315,0.442381,0.39256608486175537,1.2429,0.9897
Austria,Mexico,0.405597,0.271734,0.322668,0.1928478509081854,0.369041,0.6298214197158813,0.6898,1.2748
Austria,South Africa,0.513244,0.249327,0.237429,0.447374707538354,0.414089,0.6486850380897522,1.2499,0.8481
Austria,South Korea,0.411021,0.255497,0.333482,0.21547509939848333,0.304533,0.6718970537185669,0.7944,1.3235
Austria,France,0.263026,0.259608,0.477366,0.16255455442723743,0.190612,0.4103666841983795,0.7103,1.5464
Austria,Iraq,0.440469,0.277143,0.282388,0.3393664244658943,0.374844,0.5832920670509338,0.9197,0.8695
Austria,Norway,0.412137,0.240801,0.347062,0.29198790299033134,0.206644,0.6776987314224243,1.0905,1.3563
Austria,Senegal,0.297404,0.310025,0.392572,0.24933404424629763,0.202015,0.41355249285697937,0.7937,1.1167
Austria,Japan,0.353464,0.245781,0.400756,0.13241876901549918,0.256481,0.6307756900787354,0.6332,1.6484
Austria,Netherlands,0.293482,0.281094,0.425423,0.206936740479781,0.267506,0.39304211735725403,0.9021,1.577
Austria,Sweden,0.37413,0.259716,0.366153,0.3753692260454021,0.459905,0.3085160553455353,1.263,1.1741
Austria,Tunisia,0.396771,0.294679,0.30855,0.32221740221377965,0.343544,0.5057225227355957,0.8736,0.878
Jordan,Algeria,0.405672,0.277437,0.316891,0.3622271168725478,0.203123,0.5980857014656067,1.1342,1.0658
Jordan,Argentina,0.329498,0.21846,0.452043,0.06581718439003822,0.212732,0.6611073017120361,0.4255,1.9461
Jordan,Austria,0.44544,0.270844,0.283716,0.36551684488003827,0.339939,0.5986461639404297,1.1086,1.0165
Jordan,Australia,0.246463,0.285291,0.468246,0.21299423083404398,0.274511,0.2563322186470032,0.7493,1.2557
Jordan,Paraguay,0.400287,0.271977,0.327736,0.19422753753247224,0.375961,0.6091316938400269,0.6354,1.1543
Jordan,Turkey,0.434285,0.242871,0.322844,0.37450889364696144,0.211557,0.656968891620636,1.2509,1.1625
Jordan,United States,0.281806,0.251709,0.466485,0.218906160955828,0.413462,0.24102109670639038,0.8695,1.4367
Jordan,Belgium,0.392661,0.251114,0.356225,0.2422683943069397,0.274321,0.6206871271133423,0.9317,1.3945
Jordan,Egypt,0.300526,0.313124,0.386351,0.3323272688787691,0.231608,0.32291486859321594,0.8664,0.8216
Jordan,Iran,0.332896,0.289642,0.377462,0.2371316288943601,0.277207,0.4633146822452545,0.8325,1.2559
Jordan,New Zealand,0.324022,0.262615,0.413363,0.18436191292447018,0.469237,0.3440330922603607,0.7791,1.5129
Jordan,Bosnia and Herzegovina,0.588179,0.224845,0.186975,0.5888721897595277,0.456877,0.6862266063690186,1.6217,0.6955
Jordan,Canada,0.316544,0.319601,0.363855,0.20551150084540518,0.369761,0.3792271614074707,0.7697,1.3438
Jordan,Qatar,0.482815,0.257425,0.25976,0.46547833105486625,0.492575,0.4915132224559784,1.4824,1.0381
Jordan,Switzerland,0.332986,0.284504,0.38251,0.2679238931585566,0.259958,0.44804278016090393,0.9591,1.2875
Jordan,Brazil,0.253062,0.25376,0.493178,0.07164935906545779,0.29938,0.3860160708427429,0.4795,2.013
Jordan,Haiti,0.474412,0.262245,0.263343,0.49794587254596967,0.332417,0.5593730807304382,1.5233,0.9484
Jordan,Morocco,0.311198,0.280658,0.408145,0.18400323719438996,0.128588,0.5660753846168518,0.5995,1.1482
Jordan,Scotland,0.360114,0.274541,0.365344,0.3983044773319259,0.319846,0.35506248474121094,1.1804,0.966
Jordan,Cape Verde,0.492193,0.269227,0.23858,0.5506815459631255,0.379066,0.5231295228004456,1.416,0.6392
Jordan,Saudi Arabia,0.395144,0.295245,0.309611,0.32886282870244776,0.429427,0.43067240715026855,0.8778,0.8542
Jordan,Spain,0.277201,0.262775,0.460024,0.13150813709749185,0.107008,0.5398533344268799,0.6967,1.8019
Jordan,Uruguay,0.285373,0.266531,0.448096,0.1268377673517354,0.367548,0.37021976709365845,0.5378,1.4735
Jordan,Colombia,0.323295,0.241667,0.435038,0.10327157590159541,0.301087,0.5434616804122925,0.5873,1.8568
Jordan,DR Congo,0.350213,0.321534,0.328253,0.38926591957021894,0.244404,0.39362409710884094,0.9905,0.7577
Jordan,Portugal,0.349775,0.255101,0.395124,0.19411797283193613,0.259029,0.5619300603866577,0.8414,1.5589
Jordan,Uzbekistan,0.401343,0.285774,0.312883,0.2818288504538149,0.316606,0.5755558609962463,0.7859,0.9309
Jordan,Croatia,0.282489,0.294065,0.423446,0.26058199497381335,0.25924,0.3202224671840668,0.8763,1.194
Jordan,England,0.366957,0.23595,0.397093,0.15517872542777714,0.137056,0.7356026768684387,0.6232,1.4197
Jordan,Ghana,0.491316,0.274549,0.234135,0.43292670843985526,0.385263,0.6250225305557251,1.1867,0.8309
Jordan,Panama,0.31308,0.280313,0.406607,0.3432537267357278,0.313332,0.28498637676239014,1.0715,1.0681
Jordan,Curaçao,0.358299,0.273591,0.36811,0.4170515345762735,0.331195,0.3243374228477478,1.1408,0.8386
Jordan,Ecuador,0.334485,0.267554,0.397961,0.13647706289644532,0.295522,0.5468848943710327,0.4893,1.2601
Jordan,Germany,0.354725,0.244841,0.400434,0.21006821005462087,0.226916,0.5845628380775452,0.9456,1.6319
Jordan,Ivory Coast,0.396475,0.288252,0.315273,0.3539901626669196,0.242899,0.551193118095398,0.9466,0.8442
Jordan,Czech Republic,0.41145,0.276872,0.311679,0.43358369723232054,0.413003,0.38981252908706665,1.2692,0.9266
Jordan,Mexico,0.400078,0.277872,0.32205,0.20930655327926456,0.338987,0.622416079044342,0.7044,1.1936
Jordan,South Africa,0.514326,0.247602,0.238072,0.4689519677192472,0.384165,0.6541178822517395,1.2763,0.7941
Jordan,South Korea,0.408687,0.259545,0.331769,0.23369707287201558,0.275826,0.6703731417655945,0.8112,1.2392
Jordan,France,0.263094,0.263962,0.472944,0.17885359070424042,0.168489,0.41210490465164185,0.7253,1.4479
Jordan,Iraq,0.406694,0.289861,0.303446,0.3585680897112521,0.344757,0.4977512061595917,0.9392,0.8141
Jordan,Norway,0.412746,0.242796,0.344459,0.3144768803806753,0.18328,0.6760907173156738,1.1136,1.2699
Jordan,Senegal,0.297594,0.311558,0.390849,0.26757252420127015,0.178999,0.4144934415817261,0.8105,1.0456
Jordan,Japan,0.351008,0.251138,0.397853,0.1469059602775303,0.229912,0.6307756900787354,0.6466,1.5434
Jordan,Netherlands,0.292205,0.285801,0.421994,0.22656374359302336,0.240363,0.39187365770339966,0.9212,1.4765
Jordan,Sweden,0.374113,0.261523,0.364364,0.39912965619306573,0.43105,0.30818435549736023,1.2897,1.0993
Jordan,Tunisia,0.393406,0.298209,0.308385,0.3409496054054872,0.31381,0.5017417073249817,0.8921,0.8221
Australia,Algeria,0.479205,0.270862,0.249933,0.5028967793799561,0.289208,0.6000986695289612,1.3721,0.7693
Australia,Argentina,0.374191,0.250498,0.375311,0.12790012176181456,0.30061,0.6572617888450623,0.5148,1.4048
Australia,Austria,0.539745,0.25934,0.200915,0.5036360088306698,0.436829,0.6504912972450256,1.3411,0.7338
Australia,Jordan,0.402853,0.291024,0.306123,0.4746428894605847,0.465489,0.289384663105011,1.2557,0.7493
Australia,Paraguay,0.459348,0.2867,0.253952,0.29601340883858285,0.47103,0.6016175150871277,0.7686,0.8333
Australia,Turkey,0.510961,0.236542,0.252498,0.5229447327488995,0.299225,0.6590197086334229,1.5132,0.8391
Australia,United States,0.351992,0.265204,0.382804,0.3440125629351225,0.504862,0.24447327852249146,1.0519,1.0371
Australia,Belgium,0.472344,0.252942,0.274713,0.3732190131676886,0.369796,0.6410900354385376,1.1271,1.0066
Australia,Egypt,0.367318,0.310332,0.32235,0.4518769097159909,0.322513,0.322796106338501,1.0481,0.5931
Australia,Iran,0.430955,0.289047,0.279998,0.35911910393765273,0.372883,0.5410341620445251,1.0071,0.9066
Australia,New Zealand,0.386603,0.284772,0.328625,0.2995717176421097,0.55212,0.34268367290496826,0.9425,1.0921
Australia,Bosnia and Herzegovina,0.65045,0.215035,0.134515,0.717228479484958,0.541947,0.6702449321746826,1.9618,0.5021
Australia,Canada,0.407333,0.329138,0.263529,0.32107161720075045,0.465266,0.44356444478034973,0.9312,0.97
Australia,Qatar,0.556516,0.246536,0.196948,0.6153639758251492,0.570889,0.49129030108451843,1.7932,0.7494
Australia,Switzerland,0.407113,0.286827,0.30606,0.40091287610689996,0.354237,0.45258745551109314,1.1602,0.9294
Australia,Brazil,0.335013,0.27544,0.389547,0.139953631465397,0.396158,0.46944528818130493,0.5801,1.4531
Australia,Haiti,0.583719,0.234175,0.182106,0.6435442223075949,0.429464,0.6443331241607666,1.8427,0.6846
Australia,Morocco,0.362339,0.298777,0.338884,0.28161968460100884,0.19453,0.563113272190094,0.7252,0.8288
Australia,Scotland,0.465047,0.261396,0.273557,0.5378287031087425,0.416979,0.4338689148426056,1.428,0.6974
Australia,Cape Verde,0.561396,0.250087,0.188517,0.6764396633860544,0.473898,0.5207696557044983,1.7129,0.4615
Australia,Saudi Arabia,0.462871,0.290759,0.246371,0.4499442089065988,0.51875,0.43282565474510193,1.0619,0.6166
Australia,Spain,0.323107,0.289186,0.387707,0.23277325053611464,0.164868,0.5255793333053589,0.8429,1.3007
Australia,Uruguay,0.368304,0.291115,0.340581,0.21312202794138518,0.463196,0.4404923617839813,0.6506,1.0637
Australia,Colombia,0.406272,0.259929,0.3338,0.18940389236199248,0.397918,0.6131072640419006,0.7104,1.3404
Australia,DR Congo,0.417528,0.313717,0.268755,0.5135500024768437,0.337002,0.3892516493797302,1.1983,0.547
Australia,Portugal,0.418232,0.268064,0.313704,0.31551965307486063,0.353219,0.5620830059051514,1.0179,1.1253
Australia,Uzbekistan,0.496564,0.278437,0.224999,0.3975707776900149,0.413724,0.6503734588623047,0.9507,0.672
Australia,Croatia,0.353436,0.297078,0.349486,0.38628876037652854,0.35345,0.3230442404747009,1.06,0.8619
Australia,England,0.417286,0.256236,0.326478,0.2532620862234804,0.205878,0.7278683185577393,0.7538,1.0249
Australia,Ghana,0.565129,0.262025,0.172847,0.5672376466930488,0.479586,0.6274728178977966,1.4356,0.5998
Australia,Panama,0.419348,0.27441,0.306242,0.4807926694964408,0.410419,0.36923539638519287,1.2962,0.771
Australia,Curaçao,0.462468,0.25884,0.278692,0.5503107133288418,0.428261,0.40694230794906616,1.3801,0.6054
Australia,Ecuador,0.417769,0.279878,0.302353,0.21897291129836102,0.392162,0.6208586692810059,0.5919,0.9096
Australia,Germany,0.425691,0.257749,0.31656,0.3412515641781163,0.317128,0.5853762030601501,1.1439,1.178
Australia,Ivory Coast,0.464937,0.28206,0.253003,0.47894812441506684,0.335313,0.5494057536125183,1.1451,0.6094
Australia,Czech Republic,0.487327,0.261923,0.250751,0.5742956562637216,0.504459,0.39402246475219727,1.5354,0.6689
Australia,Mexico,0.486576,0.280524,0.2329,0.3185903374675479,0.435901,0.6800149083137512,0.8521,0.8616
Australia,South Africa,0.586073,0.234484,0.179443,0.6034480999105842,0.478581,0.6507968902587891,1.544,0.5733
Australia,South Korea,0.504626,0.253042,0.242332,0.3536776698157377,0.371407,0.7443497180938721,0.9813,0.8945
Australia,France,0.322698,0.281753,0.395549,0.2887434079016529,0.246638,0.41126468777656555,0.8774,1.0452
Australia,Iraq,0.508517,0.272518,0.218965,0.48223557497587577,0.441505,0.5831873416900635,1.1362,0.5877
Australia,Norway,0.485781,0.24358,0.270639,0.4581555276141042,0.265108,0.6771872043609619,1.3472,0.9167
Australia,Senegal,0.36119,0.317605,0.321205,0.3866486490445473,0.259808,0.41384559869766235,0.9804,0.7548
Australia,Japan,0.410721,0.272942,0.316337,0.24623824231651179,0.320571,0.6305906176567078,0.7822,1.1142
Australia,Netherlands,0.361839,0.294699,0.343462,0.3563818931425226,0.332457,0.38896918296813965,1.1144,1.0659
Australia,Sweden,0.450314,0.251536,0.29815,0.547074591189091,0.520145,0.30834639072418213,1.5602,0.7936
Australia,Tunisia,0.492476,0.283427,0.224097,0.4621258536778732,0.410902,0.5818557143211365,1.0792,0.5934
Paraguay,Algeria,0.452875,0.278627,0.268497,0.5026689107542497,0.198409,0.5980857014656067,1.2613,0.6524
Paraguay,Argentina,0.353622,0.262675,0.383703,0.1395760050742252,0.207882,0.6611073017120361,0.4732,1.1912
Paraguay,Austria,0.491312,0.271465,0.237223,0.502562401889181,0.334025,0.5991263389587402,1.2329,0.6222
Paraguay,Jordan,0.350316,0.289454,0.36023,0.47460295372178407,0.364039,0.22506298124790192,1.1543,0.6354
Paraguay,Australia,0.286705,0.30537,0.407925,0.3329924799383264,0.26897,0.2572280168533325,0.8333,0.7686
Paraguay,Turkey,0.484495,0.242786,0.272719,0.5237478433518908,0.206723,0.656968891620636,1.3911,0.7116
Paraguay,United States,0.326319,0.27103,0.402651,0.3525170568315758,0.407572,0.24102109670639038,0.967,0.8794
Paraguay,Belgium,0.439051,0.267077,0.293872,0.38071649446228495,0.268781,0.6209732294082642,1.0361,0.8536
Paraguay,Egypt,0.33894,0.317415,0.343646,0.44825183019869036,0.226512,0.3223509192466736,0.9635,0.5029
Paraguay,Iran,0.37547,0.306329,0.318201,0.3648636816665141,0.271644,0.4633146822452545,0.9258,0.7688
Paraguay,New Zealand,0.365703,0.287247,0.34705,0.3095047793009668,0.463681,0.3440330922603607,0.8664,0.9261
Paraguay,Bosnia and Herzegovina,0.627423,0.210279,0.162298,0.7064503628064775,0.451223,0.6867719888687134,1.8035,0.4258
Paraguay,Canada,0.354573,0.343377,0.30205,0.3285852203039641,0.3638,0.3716706335544586,0.856,0.8225
Paraguay,Qatar,0.53193,0.249431,0.218639,0.6119538435837212,0.48724,0.4915132224559784,1.6485,0.6354
Paraguay,Switzerland,0.379315,0.296912,0.323773,0.4063995177809051,0.25455,0.44804278016090393,1.0666,0.7881
Paraguay,Brazil,0.279457,0.296599,0.423944,0.1526928489164384,0.293654,0.3860160708427429,0.5333,1.2322
Paraguay,Haiti,0.521084,0.252215,0.2267,0.6381143432612684,0.326527,0.5590872764587402,1.694,0.5805
Paraguay,Morocco,0.345696,0.305399,0.348906,0.2865966103210178,0.1252,0.5660753846168518,0.6667,0.7028
Paraguay,Scotland,0.405602,0.272096,0.322301,0.5350877853361145,0.314007,0.3546993136405945,1.3127,0.5913
Paraguay,Cape Verde,0.528717,0.256564,0.214719,0.6649835793415603,0.373106,0.5196583867073059,1.5747,0.3913
Paraguay,Saudi Arabia,0.434129,0.29977,0.266101,0.4470211414901235,0.423604,0.4301174283027649,0.9761,0.5228
Paraguay,Spain,0.315912,0.295782,0.388306,0.24591067832556462,0.104092,0.5398533344268799,0.7748,1.103
Paraguay,Uruguay,0.31685,0.30142,0.38173,0.2224857857278602,0.361587,0.3704909086227417,0.5981,0.9019
Paraguay,Colombia,0.355939,0.279494,0.364567,0.20240681117206832,0.29535,0.5434616804122925,0.6531,1.1366
Paraguay,DR Congo,0.38953,0.319972,0.290498,0.5073148320238384,0.239158,0.39362409710884094,1.1015,0.4638
Paraguay,Portugal,0.393793,0.278134,0.328073,0.3258966201397043,0.25363,0.5619300603866577,0.9357,0.9542
Paraguay,Uzbekistan,0.439889,0.296252,0.263858,0.397181933052786,0.310783,0.5764216780662537,0.874,0.5698
Paraguay,Croatia,0.32591,0.307457,0.366633,0.3906341247333223,0.253839,0.3202224671840668,0.9745,0.7309
Paraguay,England,0.402923,0.265528,0.331549,0.262159235803193,0.133494,0.7356026768684387,0.693,0.869
Paraguay,Ghana,0.534605,0.26848,0.196915,0.5613791812902856,0.379309,0.6265650391578674,1.3197,0.5086
Paraguay,Panama,0.359087,0.28353,0.357383,0.48112120822259313,0.307525,0.28498637676239014,1.1916,0.6538
Paraguay,Curaçao,0.400842,0.269588,0.32957,0.5449558229812496,0.32531,0.3243374228477478,1.2687,0.5133
Paraguay,Ecuador,0.363711,0.300497,0.335792,0.22569214520098033,0.289821,0.5468848943710327,0.5441,0.7713
Paraguay,Germany,0.402431,0.265337,0.332232,0.35222734064289524,0.221878,0.5845628380775452,1.0515,0.9989
Paraguay,Ivory Coast,0.436896,0.290209,0.272895,0.4752200636386886,0.237671,0.551193118095398,1.0527,0.5167
Paraguay,Czech Republic,0.456982,0.271373,0.271644,0.570032439945748,0.407112,0.38991832733154297,1.4115,0.5672
Paraguay,Mexico,0.438023,0.298672,0.263305,0.32392667110460827,0.333076,0.622416079044342,0.7833,0.7306
Paraguay,South Africa,0.556618,0.239489,0.203893,0.5961583929731379,0.378209,0.654144823551178,1.4194,0.4861
Paraguay,South Korea,0.450459,0.27675,0.272791,0.3592528616353453,0.270274,0.670232892036438,0.9021,0.7585
Paraguay,France,0.303067,0.289546,0.407387,0.29791713842202894,0.164332,0.41210490465164185,0.8066,0.8863
Paraguay,Iraq,0.445954,0.29117,0.262876,0.47782890184559335,0.33883,0.4969923794269562,1.0445,0.4984
Paraguay,Norway,0.462535,0.249307,0.288158,0.4621518948917141,0.178873,0.6760907173156738,1.2384,0.7773
Paraguay,Senegal,0.338856,0.323494,0.337649,0.3885421882224451,0.174663,0.4163161814212799,0.9013,0.64
Paraguay,Japan,0.387407,0.28196,0.330633,0.25664051649803166,0.224836,0.6305271983146667,0.7191,0.9448
Paraguay,Netherlands,0.33866,0.303961,0.357379,0.3652349527269061,0.235163,0.39187365770339966,1.0244,0.9038
Paraguay,Sweden,0.423333,0.259061,0.317606,0.5463000763352348,0.425235,0.30818435549736023,1.4343,0.6729
Paraguay,Tunisia,0.432323,0.301503,0.266175,0.4582995345858424,0.308,0.5017417073249817,0.9921,0.5032
Turkey,Algeria,0.448982,0.265747,0.285272,0.3543942320241671,0.359547,0.6036744713783264,1.2702,1.2843
Turkey,Argentina,0.38434,0.19766,0.418,0.05402363988885161,0.371437,0.6995104551315308,0.4765,2.3452
Turkey,Austria,0.508585,0.256118,0.235297,0.3587682128223853,0.503009,0.6513242125511169,1.2415,1.2249
Turkey,Jordan,0.372342,0.283348,0.344311,0.33173124885341543,0.528443,0.2925712466239929,1.1625,1.2509
Turkey,Australia,0.313708,0.27414,0.412152,0.19981568827453464,0.440775,0.32352909445762634,0.8391,1.5132
Turkey,Paraguay,0.439773,0.259525,0.300702,0.18273675642466977,0.533277,0.6071984171867371,0.7116,1.3911
Turkey,United States,0.319686,0.247503,0.432812,0.20322715928717155,0.562235,0.2450830638408661,0.9738,1.7313
Turkey,Belgium,0.459317,0.230441,0.310242,0.2270396967593255,0.440579,0.688206672668457,1.0434,1.6805
Turkey,Egypt,0.369836,0.303042,0.327122,0.3290864665756187,0.393875,0.3894522488117218,0.9702,0.9901
Turkey,Iran,0.407802,0.267594,0.324604,0.22388189092193933,0.443549,0.5510199666023254,0.9323,1.5135
Turkey,New Zealand,0.355645,0.257909,0.386446,0.1683256264129391,0.601133,0.3443654775619507,0.8725,1.8232
Turkey,Bosnia and Herzegovina,0.623342,0.228536,0.148123,0.59766862005006,0.592907,0.6699581742286682,1.8162,0.8382
Turkey,Canada,0.378877,0.309615,0.311508,0.19117071807965694,0.528247,0.44019678235054016,0.862,1.6194
Turkey,Qatar,0.520555,0.2466,0.232845,0.4618026881055588,0.616104,0.5030725002288818,1.6601,1.251
Turkey,Switzerland,0.403066,0.263198,0.333736,0.25434372785103676,0.425465,0.5237683057785034,1.0741,1.5516
Turkey,Brazil,0.326377,0.232544,0.441079,0.0588532911072105,0.46564,0.46910831332206726,0.537,2.4259
Turkey,Haiti,0.555581,0.240149,0.20427,0.49740423795697,0.496356,0.6538950204849243,1.7059,1.1429
Turkey,Morocco,0.341794,0.271061,0.387145,0.1727302643857385,0.254861,0.5634817481040955,0.6714,1.3837
Turkey,Scotland,0.433495,0.260987,0.305518,0.393658876710851,0.484962,0.4316521883010864,1.322,1.1642
Turkey,Cape Verde,0.540037,0.261559,0.198404,0.5597390415386841,0.53577,0.5250239372253418,1.5858,0.7703
Turkey,Saudi Arabia,0.43422,0.284228,0.281552,0.3247261773073663,0.573849,0.43053191900253296,0.983,1.0293
Turkey,Spain,0.297857,0.252999,0.449144,0.11491037515610729,0.219704,0.5257835388183594,0.7803,2.1715
Turkey,Uruguay,0.355365,0.254201,0.390435,0.11332070123878554,0.526434,0.4506264925003052,0.6023,1.7757
Turkey,Colombia,0.391694,0.21936,0.388947,0.08825050831612419,0.46729,0.6154946684837341,0.6577,2.2376
Turkey,DR Congo,0.417387,0.311048,0.271566,0.3893827223952618,0.408433,0.4500136971473694,1.1093,0.9131
Turkey,Portugal,0.419199,0.230866,0.349935,0.17735816595764392,0.424467,0.6388909220695496,0.9423,1.8786
Turkey,Uzbekistan,0.474938,0.26486,0.260202,0.2749109863779427,0.481968,0.6546356081962585,0.8802,1.1218
Turkey,Croatia,0.350234,0.278167,0.371599,0.24841772822551825,0.424693,0.38842830061912537,0.9813,1.4389
Turkey,England,0.396759,0.222213,0.381027,0.1410206933672608,0.267999,0.7300398349761963,0.6979,1.7109
Turkey,Ghana,0.537258,0.267538,0.195204,0.43261236988553897,0.540691,0.6314521431922913,1.329,1.0014
Turkey,Panama,0.387844,0.266949,0.345208,0.334848532394624,0.478918,0.36840108036994934,1.2,1.2871
Turkey,Curaçao,0.434393,0.259405,0.306202,0.415989443346139,0.495264,0.4056616425514221,1.2776,1.0106
Turkey,Ecuador,0.407654,0.242942,0.349403,0.12485768955241419,0.461885,0.6284209489822388,0.5479,1.5185
Turkey,Germany,0.416617,0.225486,0.357897,0.1922226977368464,0.388407,0.645336925983429,1.059,1.9665
Turkey,Ivory Coast,0.468233,0.265056,0.266711,0.35078075013952953,0.406748,0.6230643391609192,1.0601,1.0173
Turkey,Czech Republic,0.454621,0.265163,0.280216,0.4310423996707991,0.561895,0.39579838514328003,1.4214,1.1167
Turkey,Mexico,0.46605,0.254927,0.279022,0.19708229795604942,0.502174,0.6876376867294312,0.7889,1.4384
Turkey,South Africa,0.5575,0.242253,0.200248,0.47087292204854525,0.539824,0.6508955955505371,1.4294,0.957
Turkey,South Korea,0.480243,0.231676,0.288082,0.22069969517451837,0.44213,0.7489097714424133,0.9084,1.4933
Turkey,France,0.297845,0.250539,0.451616,0.16368507262890256,0.313832,0.40989845991134644,0.8123,1.7449
Turkey,Iraq,0.484887,0.267945,0.247169,0.3562459012106361,0.507208,0.5870751142501831,1.0518,0.9811
Turkey,Norway,0.450483,0.23302,0.316496,0.30184043184658155,0.333928,0.6755496859550476,1.2472,1.5304
Turkey,Senegal,0.335637,0.301512,0.362851,0.2581059086630903,0.328202,0.4129250645637512,0.9077,1.26
Turkey,Japan,0.409497,0.229129,0.361374,0.13176858015902618,0.391906,0.6795576214790344,0.7241,1.86
Turkey,Netherlands,0.350484,0.279874,0.369642,0.21032627183464045,0.40389,0.43995869159698486,1.0316,1.7794
Turkey,Sweden,0.411834,0.253191,0.334976,0.39181220854273524,0.575007,0.30770742893218994,1.4444,1.3248
Turkey,Tunisia,0.470716,0.276856,0.252429,0.33792764717741053,0.479365,0.5870157480239868,0.9991,0.9907
United States,Algeria,0.452693,0.263373,0.283934,0.5239383618581196,0.170244,0.5990963578224182,1.5699,0.8928
United States,Argentina,0.339745,0.23782,0.422435,0.12380259588419354,0.178816,0.660399854183197,0.5889,1.6302
United States,Austria,0.487352,0.258045,0.254603,0.5253087214104936,0.297172,0.5951912999153137,1.5344,0.8515
United States,Jordan,0.34549,0.277233,0.377277,0.4946916917366977,0.326538,0.22175529599189758,1.4367,0.8695
United States,Australia,0.278129,0.288324,0.433547,0.3364143482074642,0.235138,0.25653883814811707,1.0371,1.0519
United States,Paraguay,0.389364,0.292618,0.318018,0.30516428681178487,0.332428,0.5100254416465759,0.8794,0.967
United States,Turkey,0.482654,0.229117,0.288229,0.543830667080984,0.177765,0.6552351713180542,1.7313,0.9738
United States,Belgium,0.430671,0.251221,0.318108,0.3839504248240129,0.234961,0.6209732294082642,1.2896,1.1681
United States,Egypt,0.339211,0.300054,0.360736,0.4739962311561082,0.1958,0.3223509192466736,1.1991,0.6882
United States,Iran,0.36783,0.289489,0.342681,0.37048886361379796,0.237645,0.46321946382522583,1.1522,1.052
United States,New Zealand,0.354361,0.270247,0.375392,0.3051519866012163,0.42759,0.3448283076286316,1.0784,1.2673
United States,Bosnia and Herzegovina,0.630915,0.195585,0.1735,0.7477326686919367,0.414647,0.6854320764541626,2.2446,0.5826
United States,Canada,0.343662,0.326237,0.330101,0.3294186849807413,0.326302,0.369882732629776,1.0654,1.1256
United States,Qatar,0.531866,0.236521,0.231613,0.6409593910876287,0.452316,0.4907674193382263,2.0517,0.8696
United States,Switzerland,0.372873,0.280891,0.346236,0.41425074247472593,0.221678,0.4482477605342865,1.3274,1.0785
United States,Brazil,0.262877,0.273423,0.4637,0.13568282474705853,0.25842,0.38385435938835144,0.6637,1.6863
United States,Haiti,0.522879,0.237593,0.239528,0.6707367940593676,0.28991,0.5612431168556213,2.1083,0.7945
United States,Morocco,0.342128,0.283847,0.374025,0.29009359156710696,0.105405,0.5681715607643127,0.8297,0.9618
United States,Scotland,0.404811,0.256492,0.338697,0.5615872795042283,0.277852,0.355248361825943,1.6338,0.8092
United States,Cape Verde,0.503638,0.249723,0.246639,0.7078601224925822,0.335505,0.44114598631858826,1.9598,0.5355
United States,Saudi Arabia,0.432987,0.282638,0.284375,0.471436609488282,0.386272,0.43253976106643677,1.2149,0.7155
United States,Spain,0.306627,0.276436,0.416937,0.23279860555061044,0.087161,0.5398533344268799,0.9643,1.5094
United States,Uruguay,0.302026,0.281758,0.416217,0.2148591895315971,0.324122,0.3660280704498291,0.7443,1.2343
United States,Colombia,0.339989,0.258448,0.401563,0.18734005920931218,0.260032,0.5412521362304688,0.8128,1.5554
United States,DR Congo,0.3916,0.302934,0.305466,0.5394092946269213,0.207424,0.3933364450931549,1.371,0.6347
United States,Portugal,0.383171,0.260863,0.355966,0.3215644688498717,0.220823,0.5621646046638489,1.1646,1.3058
United States,Uzbekistan,0.436441,0.278004,0.285555,0.4152385992122026,0.274759,0.5775708556175232,1.0878,0.7798
United States,Croatia,0.319751,0.290933,0.389316,0.3998494838347405,0.221017,0.3198867440223694,1.2128,1.0002
United States,England,0.395394,0.24572,0.358886,0.25733112914563877,0.112627,0.7356026768684387,0.8625,1.1893
United States,Ghana,0.512039,0.258908,0.229053,0.5938692339761396,0.341664,0.5644173622131348,1.6425,0.6961
United States,Panama,0.355651,0.268273,0.376076,0.5007661541320074,0.27164,0.2845931053161621,1.4831,0.8947
United States,Curaçao,0.402105,0.254014,0.343882,0.5762599750272661,0.288735,0.3262574374675751,1.579,0.7025
United States,Ecuador,0.352715,0.278384,0.368901,0.2230705707602519,0.254784,0.5462128520011902,0.6772,1.0556
United States,Germany,0.392285,0.249236,0.358479,0.34812808526901234,0.19156,0.5839856863021851,1.3087,1.367
United States,Ivory Coast,0.437139,0.273419,0.289442,0.5019397138060526,0.206053,0.550896942615509,1.3102,0.7071
United States,Czech Republic,0.430396,0.256013,0.313591,0.5998851000706442,0.369535,0.319397896528244,1.7567,0.7762
United States,Mexico,0.42954,0.2803,0.29016,0.32846577227854756,0.296251,0.6231935024261475,0.9749,0.9999
United States,South Africa,0.524104,0.236872,0.239024,0.6316324489206852,0.340571,0.562606692314148,1.7665,0.6652
United States,South Korea,0.442898,0.259705,0.297397,0.3649344069006076,0.23636,0.670232892036438,1.1227,1.038
United States,France,0.290546,0.273043,0.436412,0.29434051798840954,0.139756,0.4003710448741913,1.0039,1.2129
United States,Iraq,0.445245,0.273684,0.281071,0.5058567650386571,0.301841,0.4969758093357086,1.3,0.682
United States,Norway,0.460266,0.233659,0.306075,0.4747649104157267,0.1527,0.6780267357826233,1.5413,1.0638
United States,Senegal,0.336313,0.306311,0.357376,0.4020870803962127,0.148942,0.4163161814212799,1.1218,0.8759
United States,Japan,0.375864,0.262239,0.361897,0.2488523230480362,0.194265,0.6298125386238098,0.8949,1.2929
United States,Netherlands,0.329898,0.287963,0.38214,0.3654103873704523,0.203744,0.39187365770339966,1.275,1.2369
United States,Sweden,0.422019,0.244672,0.333309,0.5696621293829175,0.387935,0.31109926104545593,1.7851,0.9209
United States,Tunisia,0.43113,0.284435,0.284435,0.4847136016657062,0.272094,0.5011089444160461,1.2348,0.6886
Belgium,Algeria,0.476893,0.263772,0.259334,0.49604843632277934,0.289402,0.6000986695289612,1.5238,0.9566
Belgium,Argentina,0.367775,0.233063,0.399162,0.10917224439958138,0.300806,0.6572617888450623,0.5717,1.7468
Belgium,Austria,0.53785,0.252137,0.210013,0.4979913349785289,0.437026,0.6504912972450256,1.4894,0.9124
Belgium,Jordan,0.400464,0.283351,0.316185,0.4675759775861103,0.465679,0.289384663105011,1.3945,0.9317
Belgium,Australia,0.332698,0.287546,0.379756,0.3118351005188863,0.370204,0.3238019645214081,1.0066,1.1271
Belgium,Paraguay,0.454915,0.274696,0.270389,0.28303098037146623,0.471219,0.6016175150871277,0.8536,1.0361
Belgium,Turkey,0.508134,0.230017,0.261849,0.514604298489742,0.299421,0.6590197086334229,1.6805,1.0434
Belgium,United States,0.345709,0.255111,0.39918,0.3256863756902984,0.505039,0.24447327852249146,1.1681,1.2896
Belgium,Egypt,0.366725,0.301586,0.331689,0.44999583165204493,0.322714,0.322796106338501,1.1639,0.7375
Belgium,Iran,0.425951,0.279127,0.294922,0.34447367086341385,0.373087,0.5410341620445251,1.1184,1.1273
Belgium,New Zealand,0.379804,0.273405,0.346791,0.279769643513159,0.552274,0.34268367290496826,1.0467,1.358
Belgium,Bosnia and Herzegovina,0.653529,0.209379,0.137092,0.7260112770136604,0.542106,0.6702449321746826,2.1787,0.6243
Belgium,Canada,0.401599,0.318232,0.280169,0.304320654940615,0.465456,0.44356444478034973,1.0341,1.2062
Belgium,Qatar,0.555798,0.241029,0.203173,0.613169726211496,0.571032,0.49129030108451843,1.9915,0.9318
Belgium,Switzerland,0.402135,0.278046,0.319818,0.3863428529596121,0.354441,0.45258745551109314,1.2885,1.1557
Belgium,Brazil,0.328037,0.258711,0.413251,0.11960011641542152,0.39636,0.46944528818130493,0.6442,1.8069
Belgium,Haiti,0.584053,0.228731,0.187216,0.6443472176613066,0.429663,0.6443331241607666,2.0464,0.8513
Belgium,Morocco,0.357942,0.286275,0.355784,0.2687650710633752,0.194688,0.563113272190094,0.8054,1.0306
Belgium,Scotland,0.46397,0.254608,0.281422,0.5345476632031991,0.417179,0.4338689148426056,1.5858,0.8671
Belgium,Cape Verde,0.564727,0.243692,0.191581,0.6859271343525003,0.474086,0.5207696557044983,1.9023,0.5738
Belgium,Saudi Arabia,0.461922,0.282082,0.255996,0.447060549583617,0.518921,0.43282565474510193,1.1792,0.7667
Belgium,Spain,0.315187,0.27584,0.408973,0.20973870276291337,0.165009,0.5255793333053589,0.936,1.6174
Belgium,Uruguay,0.362204,0.276495,0.361301,0.19531408816991414,0.463387,0.4404923617839813,0.7225,1.3226
Belgium,Colombia,0.398735,0.244973,0.356292,0.1674265649755163,0.398121,0.6131072640419006,0.789,1.6667
Belgium,DR Congo,0.418181,0.305807,0.276012,0.5152771125794479,0.337204,0.3892516493797302,1.3307,0.6801
Belgium,Portugal,0.411175,0.257261,0.331564,0.2949322798634256,0.353422,0.5620830059051514,1.1304,1.3993
Belgium,Uzbekistan,0.494454,0.268852,0.236695,0.39130158338518506,0.413925,0.6503734588623047,1.0558,0.8356
Belgium,Croatia,0.349041,0.287777,0.363182,0.3734037311819765,0.353653,0.3230442404747009,1.1772,1.0717
Belgium,England,0.411175,0.243122,0.345703,0.23544464008419147,0.206042,0.7278683185577393,0.8372,1.2744
Belgium,Ghana,0.565593,0.255205,0.179202,0.5684296319249194,0.479772,0.6274728178977966,1.5943,0.7459
Belgium,Panama,0.416777,0.266927,0.316297,0.47318886621027667,0.41062,0.36923539638519287,1.4395,0.9587
Belgium,Curaçao,0.462681,0.25181,0.285509,0.5507664374718066,0.42846,0.40694230794906616,1.5327,0.7527
Belgium,Ecuador,0.412851,0.265159,0.321991,0.20457531483786623,0.392365,0.6208586692810059,0.6573,1.1311
Belgium,Germany,0.418253,0.247799,0.333948,0.31956362957454554,0.317328,0.5853762030601501,1.2703,1.4648
Belgium,Ivory Coast,0.464367,0.273895,0.261738,0.4771334394868086,0.335515,0.5494057536125183,1.2717,0.7577
Belgium,Czech Republic,0.487006,0.255542,0.257452,0.5732238141174312,0.504636,0.39402246475219727,1.7051,0.8317
Belgium,Mexico,0.481886,0.269311,0.248803,0.30485501894387745,0.436099,0.6800149083137512,0.9463,1.0714
Belgium,South Africa,0.587268,0.227991,0.184741,0.6067540432103161,0.478767,0.6507968902587891,1.7147,0.7128
Belgium,South Korea,0.499719,0.242943,0.257338,0.33930924602872403,0.371611,0.7443497180938721,1.0898,1.1123
Belgium,France,0.316304,0.269943,0.413753,0.2700931369833233,0.24682,0.41126468777656555,0.9744,1.2997
Belgium,Iraq,0.508279,0.264306,0.227415,0.4813878022979546,0.441701,0.5831873416900635,1.2618,0.7308
Belgium,Norway,0.481429,0.236059,0.282512,0.44540911549777157,0.265296,0.6771872043609619,1.4961,1.1399
Belgium,Senegal,0.357979,0.308023,0.333998,0.37720427946862745,0.259994,0.41384559869766235,1.0888,0.9385
Belgium,Japan,0.403969,0.259744,0.336288,0.22653281656027954,0.320771,0.6305906176567078,0.8687,1.3854
Belgium,Netherlands,0.355359,0.285007,0.359634,0.3374638022748119,0.332659,0.38896918296813965,1.2375,1.3254
Belgium,Sweden,0.448258,0.245251,0.30649,0.5409870101078764,0.520315,0.30834639072418213,1.7327,0.9867
Belgium,Tunisia,0.491971,0.274877,0.233152,0.4604991572866054,0.411103,0.5818557143211365,1.1985,0.7379
Egypt,Algeria,0.432743,0.287751,0.279506,0.327670471266787,0.335735,0.6028234362602234,0.8977,0.8895
Egypt,Argentina,0.368691,0.232676,0.398633,0.06681426619157105,0.347556,0.6637464165687561,0.3368,1.6243
Egypt,Austria,0.492692,0.277819,0.229489,0.3300529104816269,0.481726,0.6513391733169556,0.8775,0.8484
Egypt,Jordan,0.357858,0.306717,0.335426,0.3072277347604062,0.508392,0.2915365695953369,0.8216,0.8664
Egypt,Australia,0.306173,0.29966,0.394167,0.19686223865861016,0.417487,0.323598176240921,0.5931,1.0481
Egypt,Paraguay,0.432838,0.286825,0.280337,0.17909329977112007,0.513488,0.6068800687789917,0.5029,0.9635
Egypt,Turkey,0.460991,0.255175,0.283833,0.33956776731119104,0.346125,0.6596162915229797,0.9901,0.9702
Egypt,United States,0.314879,0.271632,0.413489,0.20359260812970967,0.5442,0.2454361468553543,0.6882,1.1991
Egypt,Belgium,0.45037,0.254627,0.295004,0.22405462888423094,0.417286,0.684528648853302,0.7375,1.1639
Egypt,Iran,0.396368,0.294289,0.309343,0.21835945287389888,0.42032,0.5429845452308655,0.6589,1.0482
Egypt,New Zealand,0.353102,0.281971,0.364927,0.1732853475632188,0.585964,0.34437406063079834,0.6167,1.2627
Egypt,Bosnia and Herzegovina,0.595304,0.252549,0.152147,0.5296599938689017,0.577082,0.6697055697441101,1.2836,0.5805
Egypt,Canada,0.375283,0.332208,0.292509,0.1909516885163571,0.508186,0.44585856795310974,0.6093,1.1216
Egypt,Qatar,0.497854,0.273043,0.229103,0.4200528884063605,0.602195,0.4913812279701233,1.1733,0.8664
Egypt,Switzerland,0.393489,0.286776,0.319735,0.2459860915280755,0.401899,0.5235775113105774,0.7591,1.0746
Egypt,Brazil,0.32483,0.259345,0.415825,0.07260811496135565,0.442982,0.46927696466445923,0.3796,1.6802
Egypt,Haiti,0.530877,0.262292,0.206832,0.4486477950131409,0.47479,0.6490756869316101,1.2057,0.7916
Egypt,Morocco,0.334872,0.299017,0.366111,0.16987599769421383,0.233722,0.5634817481040955,0.4745,0.9583
Egypt,Scotland,0.415804,0.283861,0.300334,0.3587818725096302,0.462951,0.4331021308898926,0.9343,0.8063
Egypt,Cape Verde,0.511272,0.28534,0.203387,0.4928713888456824,0.516119,0.5246468186378479,1.1208,0.5335
Egypt,Saudi Arabia,0.419153,0.309302,0.271545,0.29510325088116074,0.556608,0.4305601119995117,0.6948,0.7129
Egypt,Spain,0.296654,0.2788,0.424546,0.1272166944537267,0.200278,0.5257835388183594,0.5515,1.504
Egypt,Uruguay,0.352595,0.283049,0.364356,0.12109844520846207,0.506277,0.4511711895465851,0.4257,1.2298
Egypt,Colombia,0.390593,0.246232,0.363175,0.10158381823462474,0.444682,0.6172115802764893,0.4648,1.5498
Egypt,DR Congo,0.397571,0.33634,0.266089,0.347546834525876,0.384657,0.4535386860370636,0.784,0.6324
Egypt,Portugal,0.413559,0.255826,0.330615,0.1822945555406709,0.400886,0.6369552612304688,0.666,1.3011
Egypt,Uzbekistan,0.461054,0.290772,0.248174,0.2543655137227234,0.459848,0.6531040668487549,0.6221,0.777
Egypt,Croatia,0.340152,0.302342,0.357506,0.23861984446767812,0.401116,0.38822731375694275,0.6936,0.9965
Egypt,England,0.392762,0.249305,0.357933,0.14640925122547138,0.246324,0.7306492328643799,0.4932,1.185
Egypt,Ghana,0.515725,0.289021,0.195254,0.38810614592858517,0.521321,0.6295400857925415,0.9393,0.6935
Egypt,Panama,0.37379,0.290013,0.336197,0.3107882763786259,0.45669,0.3697441816329956,0.8481,0.8915
Egypt,Curaçao,0.41351,0.283498,0.302993,0.37389574045986573,0.473653,0.40494009852409363,0.903,0.6999
Egypt,Ecuador,0.400432,0.274785,0.324783,0.1281707328966855,0.439118,0.6231383085250854,0.3873,1.0517
Egypt,Germany,0.391519,0.254946,0.353535,0.1969223666606812,0.364515,0.5917763710021973,0.7484,1.362
Egypt,Ivory Coast,0.451258,0.289262,0.25948,0.3173872525557058,0.382956,0.6263947486877441,0.7492,0.7046
Egypt,Czech Republic,0.435517,0.287709,0.276774,0.3900160043600678,0.543838,0.3961810767650604,1.0046,0.7734
Egypt,Mexico,0.45801,0.281341,0.260649,0.19297280196504427,0.480854,0.6859419345855713,0.5575,0.9962
Egypt,South Africa,0.535427,0.263997,0.200576,0.4202189204967679,0.520403,0.6532613635063171,1.0102,0.6628
Egypt,South Korea,0.469592,0.257939,0.272469,0.21515010100451198,0.41887,0.7430201172828674,0.6421,1.0343
Egypt,France,0.29251,0.277369,0.430121,0.16790807178404268,0.290733,0.4090748727321625,0.5741,1.2085
Egypt,Iraq,0.465803,0.292893,0.241304,0.3209928704843399,0.486112,0.5844569802284241,0.7434,0.6795
Egypt,Norway,0.437698,0.256517,0.305785,0.2871261710038239,0.310428,0.6726019382476807,0.8814,1.0599
Egypt,Senegal,0.323632,0.326925,0.349443,0.24320758405006004,0.304803,0.4121593236923218,0.6415,0.8727
Egypt,Japan,0.391631,0.262927,0.345442,0.13978983434580852,0.368024,0.6422728300094604,0.5118,1.2882
Egypt,Netherlands,0.345279,0.30139,0.353332,0.21067305763678715,0.380075,0.4436064660549164,0.7291,1.2324
Egypt,Sweden,0.396614,0.274007,0.329379,0.36096826257557446,0.557849,0.30839383602142334,1.0208,0.9175
Egypt,Tunisia,0.452545,0.302507,0.244948,0.30537130607102775,0.457152,0.5851868987083435,0.7061,0.6861
Iran,Algeria,0.470861,0.270432,0.258708,0.4807465885772174,0.286467,0.6003093123435974,1.3723,0.8547
Iran,Argentina,0.36815,0.241589,0.390261,0.11267463761428816,0.297832,0.6572617888450623,0.5148,1.5607
Iran,Austria,0.531048,0.259283,0.209668,0.4821886341992439,0.434036,0.6491484642028809,1.3413,0.8152
Iran,Jordan,0.394833,0.290657,0.31451,0.45310856548918654,0.462793,0.28986114263534546,1.2559,0.8325
Iran,Australia,0.30563,0.290488,0.403882,0.3055698177728621,0.367117,0.2594715356826782,0.9066,1.0071
Iran,Paraguay,0.452215,0.282289,0.265496,0.2770835732692508,0.468356,0.6020434498786926,0.7688,0.9258
Iran,Turkey,0.50204,0.236367,0.261592,0.49938302820121294,0.296451,0.6590197086334229,1.5135,0.9323
Iran,United States,0.343343,0.259433,0.397224,0.32012918017637265,0.502355,0.24529734253883362,1.052,1.1522
Iran,Belgium,0.460009,0.250362,0.289629,0.34892559245336413,0.366913,0.6327099204063416,1.1273,1.1184
Iran,Egypt,0.360277,0.308844,0.330878,0.43392283780871405,0.31968,0.32268399000167847,1.0482,0.6589
Iran,New Zealand,0.378171,0.280324,0.341505,0.2765545203842012,0.549927,0.343051940202713,0.9427,1.2133
Iran,Bosnia and Herzegovina,0.644671,0.216554,0.138775,0.7023475188564449,0.539678,0.6702449321746826,1.9622,0.5578
Iran,Canada,0.398249,0.325763,0.275988,0.29901579890819363,0.462568,0.4416748285293579,0.9313,1.0777
Iran,Qatar,0.548526,0.247498,0.203975,0.5939014176338224,0.568847,0.49129030108451843,1.7935,0.8325
Iran,Switzerland,0.397333,0.285318,0.31735,0.3772070752605447,0.351361,0.4504973292350769,1.1604,1.0326
Iran,Brazil,0.32844,0.266878,0.404682,0.12326368614592914,0.393287,0.46944528818130493,0.5802,1.6144
Iran,Haiti,0.575507,0.235186,0.189307,0.6236826640318452,0.426652,0.6428356766700745,1.843,0.7606
Iran,Morocco,0.355391,0.293969,0.35064,0.2633196947934786,0.192304,0.563113272190094,0.7253,0.9208
Iran,Scotland,0.457263,0.261541,0.281196,0.5170109915376254,0.414139,0.43442198634147644,1.4282,0.7748
Iran,Cape Verde,0.55558,0.251314,0.193106,0.6617697294902791,0.471237,0.5207696557044983,1.7132,0.5127
Iran,Saudi Arabia,0.455812,0.289495,0.254693,0.43148568592811903,0.516325,0.43282565474510193,1.062,0.685
Iran,Spain,0.314876,0.282941,0.402183,0.2105691056875814,0.162879,0.5255793333053589,0.843,1.4451
Iran,Uruguay,0.361228,0.284415,0.354357,0.19484328918406266,0.460491,0.4404923617839813,0.6507,1.1817
Iran,Colombia,0.398605,0.252569,0.348826,0.1696765030689528,0.39505,0.6129859089851379,0.7106,1.4892
Iran,DR Congo,0.410709,0.3134,0.275892,0.4961373886573017,0.334144,0.3892516493797302,1.1984,0.6077
Iran,Portugal,0.408541,0.264448,0.327011,0.29138348117283863,0.350343,0.5606275200843811,1.0181,1.2502
Iran,Uzbekistan,0.4896,0.275834,0.234566,0.37877570269284805,0.410878,0.6512578129768372,0.9509,0.7466
Iran,Croatia,0.344664,0.295187,0.360149,0.36409447159952535,0.350574,0.322253555059433,1.0602,0.9576
Iran,England,0.409742,0.250591,0.339667,0.23330550656712676,0.20357,0.7278683185577393,0.754,1.1386
Iran,Ghana,0.557923,0.262396,0.179681,0.5485270295961641,0.476949,0.6274728178977966,1.4358,0.6664
Iran,Panama,0.410974,0.273531,0.315494,0.4587713345209532,0.407568,0.36933252215385437,1.2964,0.8566
Iran,Curaçao,0.455163,0.259011,0.285826,0.5314584737185463,0.425446,0.40694230794906616,1.3803,0.6726
Iran,Ecuador,0.413577,0.273705,0.312719,0.20235301725406793,0.389288,0.6271687746047974,0.592,1.0106
Iran,Germany,0.415969,0.254096,0.329935,0.31540884109970796,0.314307,0.5853762030601501,1.1441,1.3087
Iran,Ivory Coast,0.457539,0.281476,0.260985,0.46033351252562654,0.332458,0.5489657521247864,1.1453,0.677
Iran,Czech Republic,0.479443,0.262269,0.258287,0.5541219427170303,0.50195,0.3934648036956787,1.5357,0.7431
Iran,Mexico,0.478805,0.276548,0.244647,0.2983727444944834,0.433106,0.6800149083137512,0.8523,0.9573
Iran,South Africa,0.578312,0.235247,0.186442,0.585487498847121,0.47594,0.6486183404922485,1.5442,0.6369
Iran,South Korea,0.473741,0.260582,0.265676,0.33178305971982364,0.368524,0.6841043829917908,0.9815,0.9938
Iran,France,0.314415,0.276966,0.408619,0.26685124924804476,0.244082,0.41126468777656555,0.8776,1.1612
Iran,Iraq,0.50084,0.272097,0.227063,0.46408383394549163,0.438725,0.5815173983573914,1.1364,0.6529
Iran,Norway,0.47658,0.242356,0.281064,0.4336765626733521,0.262463,0.6771872043609619,1.3474,1.0185
Iran,Senegal,0.353467,0.315138,0.331395,0.36642850585967063,0.257187,0.41384559869766235,0.9806,0.8386
Iran,Japan,0.402561,0.266847,0.330592,0.22547168632195008,0.317742,0.6300819516181946,0.7823,1.2378
Iran,Netherlands,0.352497,0.29143,0.356073,0.33166322637158835,0.329606,0.38896918296813965,1.1145,1.1842
Iran,Sweden,0.441785,0.251699,0.306516,0.5243529160202576,0.517729,0.30834639072418213,1.5605,0.8816
Iran,Tunisia,0.485482,0.282293,0.232225,0.4440432443006316,0.408051,0.5820013880729675,1.0794,0.6593
New Zealand,Algeria,0.462501,0.257601,0.279898,0.5687947774084047,0.132603,0.6121552586555481,1.6531,0.8
New Zealand,Argentina,0.344847,0.243296,0.411857,0.14956896321372612,0.139745,0.6795925498008728,0.6202,1.4607
New Zealand,Austria,0.488147,0.253956,0.257897,0.5692692253089775,0.243459,0.5970351099967957,1.6158,0.763
New Zealand,Jordan,0.345021,0.273658,0.381321,0.5385643141494492,0.270763,0.22184845805168152,1.5129,0.7791
New Zealand,Australia,0.278774,0.288198,0.433028,0.3772826978233417,0.18788,0.2559904158115387,1.0921,0.9425
New Zealand,Paraguay,0.38586,0.295367,0.318773,0.34213709558468386,0.276319,0.5086266398429871,0.9261,0.8664
New Zealand,Turkey,0.492923,0.224855,0.282222,0.5905732993963885,0.138867,0.6687284111976624,1.8232,0.8725
New Zealand,United States,0.287816,0.255093,0.457091,0.39755813991496314,0.31241,0.1678427904844284,1.2673,1.0784
New Zealand,Belgium,0.432534,0.251347,0.316119,0.4299800215888076,0.187726,0.6188949346542358,1.358,1.0467
New Zealand,Egypt,0.341093,0.296625,0.362282,0.5131043015105169,0.154036,0.32261133193969727,1.2627,0.6167
New Zealand,Iran,0.369667,0.288713,0.341621,0.4134836748396955,0.190073,0.46412888169288635,1.2133,0.9427
New Zealand,Bosnia and Herzegovina,0.60023,0.197745,0.202025,0.7813718592826622,0.356809,0.6156702041625977,2.3637,0.5221
New Zealand,Canada,0.342869,0.327388,0.329743,0.37122417216950776,0.270541,0.371008962392807,1.1219,1.0086
New Zealand,Qatar,0.532116,0.230269,0.237615,0.6845647948981234,0.395614,0.4937300682067871,2.1605,0.7792
New Zealand,Switzerland,0.375141,0.279248,0.345611,0.4600013378093193,0.176182,0.446201890707016,1.3979,0.9664
New Zealand,Brazil,0.258486,0.282073,0.459441,0.163973765523628,0.208415,0.38352397084236145,0.6989,1.511
New Zealand,Haiti,0.521012,0.232218,0.24677,0.7119621012993872,0.236808,0.558032751083374,2.2202,0.7119
New Zealand,Morocco,0.347358,0.286419,0.366223,0.3258066127012656,0.080085,0.5681715607643127,0.8737,0.8618
New Zealand,Scotland,0.40559,0.251375,0.343035,0.6048386135458063,0.22585,0.3564213514328003,1.7205,0.7251
New Zealand,Cape Verde,0.500231,0.242382,0.257387,0.7422889258813579,0.279233,0.44248244166374207,2.0638,0.4798
New Zealand,Saudi Arabia,0.401783,0.285124,0.313093,0.5111488664514146,0.328398,0.3557990491390228,1.2793,0.6411
New Zealand,Spain,0.314234,0.281691,0.404075,0.2722014256297589,0.065769,0.5398533344268799,1.0155,1.3525
New Zealand,Uruguay,0.298157,0.286318,0.415525,0.2481726653915826,0.268491,0.3666781783103943,0.7838,1.106
New Zealand,Colombia,0.337878,0.265008,0.397114,0.22176768642815117,0.209851,0.541479766368866,0.8559,1.3937
New Zealand,DR Congo,0.393529,0.297287,0.309184,0.5783749209864264,0.163928,0.3951565623283386,1.4437,0.5687
New Zealand,Portugal,0.386079,0.262426,0.351495,0.36606796711691664,0.175442,0.5629012584686279,1.2264,1.1701
New Zealand,Uzbekistan,0.435573,0.276175,0.288251,0.45454295598515854,0.223057,0.5777594447135925,1.1455,0.6987
New Zealand,Croatia,0.321323,0.288813,0.389864,0.4433261601021536,0.17561,0.3180149793624878,1.2772,0.8962
New Zealand,England,0.400516,0.25018,0.349304,0.29430433023686786,0.085807,0.7352761030197144,0.9082,1.0657
New Zealand,Ghana,0.510494,0.253759,0.235748,0.6344497241667051,0.285087,0.5652774572372437,1.7297,0.6237
New Zealand,Panama,0.356625,0.264451,0.378924,0.5453162957425814,0.220247,0.2846277356147766,1.5617,0.8017
New Zealand,Curaçao,0.401506,0.249191,0.349303,0.6170557369541941,0.235735,0.32676199078559875,1.6628,0.6295
New Zealand,Ecuador,0.349687,0.28314,0.367173,0.2544234823850545,0.205183,0.5463945865631104,0.7131,0.9458
New Zealand,Germany,0.397377,0.249866,0.352757,0.39562312270059585,0.150451,0.5845902562141418,1.3782,1.2249
New Zealand,Ivory Coast,0.439859,0.267192,0.292949,0.5421591939175798,0.162756,0.5535256862640381,1.3796,0.6336
New Zealand,Czech Republic,0.425985,0.252114,0.321901,0.6422424969393994,0.311957,0.31169652938842773,1.8499,0.6955
New Zealand,Mexico,0.427614,0.2818,0.290587,0.3677647188539748,0.242614,0.6220085620880127,1.0267,0.8959
New Zealand,South Africa,0.522427,0.230755,0.246818,0.6710648461764941,0.284045,0.5641378164291382,1.8602,0.5961
New Zealand,South Korea,0.444469,0.259544,0.295987,0.407325279667523,0.188948,0.6708707213401794,1.1823,0.9301
New Zealand,France,0.293166,0.274966,0.431868,0.3350325406448448,0.107584,0.3939332067966461,1.0571,1.0868
New Zealand,Iraq,0.44421,0.269357,0.286433,0.5455298603173437,0.247756,0.4981669783592224,1.3689,0.6111
New Zealand,Norway,0.472578,0.229625,0.297796,0.5223266098361764,0.118134,0.6929739117622375,1.6231,0.9532
New Zealand,Senegal,0.342325,0.306542,0.351133,0.4429979332635339,0.11506,0.4200380742549896,1.1813,0.7848
New Zealand,Japan,0.3776,0.26609,0.35631,0.2866909483327544,0.152737,0.6306810975074768,0.9424,1.1585
New Zealand,Netherlands,0.333885,0.285619,0.380496,0.41167377432473923,0.160786,0.39204874634742737,1.3426,1.1083
New Zealand,Sweden,0.395927,0.24241,0.361662,0.6153234653608664,0.330044,0.2425510734319687,1.8798,0.8251
New Zealand,Tunisia,0.430504,0.28086,0.288636,0.5241027608824287,0.220656,0.5016671419143677,1.3003,0.617
Bosnia and Herzegovina,Algeria,0.323719,0.256761,0.419519,0.16069585342318543,0.140546,0.6121552586555481,0.76,1.6651
Bosnia and Herzegovina,Argentina,0.294449,0.175646,0.529905,0.015364826919915612,0.14801,0.6626074910163879,0.2851,3.0405
Bosnia and Herzegovina,Austria,0.352,0.255064,0.392936,0.1656672015944537,0.255251,0.5970351099967957,0.7429,1.5881
Bosnia and Herzegovina,Jordan,0.213673,0.268369,0.517958,0.1501635362494409,0.283123,0.220207080245018,0.6955,1.6217
Bosnia and Herzegovina,Australia,0.178731,0.247892,0.573378,0.0789231753608624,0.198053,0.25650832056999207,0.5021,1.9618
Bosnia and Herzegovina,Paraguay,0.297023,0.250806,0.452171,0.074341473661006,0.288777,0.5091540813446045,0.4258,1.8035
Bosnia and Herzegovina,Turkey,0.342009,0.225254,0.432737,0.16141444355452678,0.147093,0.6555210947990417,0.8382,1.8162
Bosnia and Herzegovina,United States,0.180175,0.213547,0.606278,0.07538404751841979,0.325353,0.16796760261058807,0.5826,2.2446
Bosnia and Herzegovina,Belgium,0.317409,0.215593,0.466999,0.08651159370546921,0.197894,0.6207670569419861,0.6243,2.1787
Bosnia and Herzegovina,Egypt,0.221607,0.295465,0.482928,0.1600873131408877,0.162918,0.32261133193969727,0.5805,1.2836
Bosnia and Herzegovina,Iran,0.260319,0.254148,0.485532,0.08940905275539784,0.200322,0.4634689390659332,0.5578,1.9622
Bosnia and Herzegovina,New Zealand,0.259592,0.22011,0.520298,0.05969528788030806,0.383191,0.3515547513961792,0.5221,2.3637
Bosnia and Herzegovina,Canada,0.242817,0.283646,0.473537,0.07285937089273194,0.282897,0.36986637115478516,0.5158,2.0995
Bosnia and Herzegovina,Qatar,0.375177,0.25366,0.371163,0.22330178557695907,0.408709,0.49042725563049316,0.9933,1.6218
Bosnia and Herzegovina,Switzerland,0.254159,0.251362,0.494478,0.10194624149435973,0.185935,0.446201890707016,0.6427,2.0116
Bosnia and Herzegovina,Brazil,0.210526,0.213036,0.576439,0.016359524855367333,0.219259,0.38352397084236145,0.3213,3.1451
Bosnia and Herzegovina,Haiti,0.36529,0.263132,0.371578,0.2518390040820128,0.248439,0.558032751083374,1.0207,1.4818
Bosnia and Herzegovina,Morocco,0.260488,0.239258,0.500254,0.07014168581724975,0.085324,0.5681715607643127,0.4017,1.7939
Bosnia and Herzegovina,Scotland,0.264718,0.261693,0.473589,0.1878995332086673,0.237196,0.3564451336860657,0.791,1.5093
Bosnia and Herzegovina,Cape Verde,0.358238,0.292057,0.349706,0.3205664859536045,0.291739,0.44305628538131714,0.9488,0.9987
Bosnia and Herzegovina,Saudi Arabia,0.282633,0.282199,0.435168,0.15593159510132754,0.341474,0.35558053851127625,0.5882,1.3345
Bosnia and Herzegovina,Spain,0.233739,0.219818,0.546443,0.035665450576704893,0.070171,0.5398533344268799,0.4669,2.8152
Bosnia and Herzegovina,Uruguay,0.229366,0.223724,0.54691,0.03970896920303673,0.280809,0.36609208583831787,0.3604,2.3021
Bosnia and Herzegovina,Colombia,0.273443,0.198523,0.528034,0.02644101596882256,0.220738,0.541479766368866,0.3935,2.901
Bosnia and Herzegovina,DR Congo,0.264877,0.311769,0.423354,0.19850279777085758,0.173211,0.3951565623283386,0.6637,1.1838
Bosnia and Herzegovina,Portugal,0.283803,0.214141,0.502056,0.06216874820828236,0.185168,0.5629012584686279,0.5638,2.4355
Bosnia and Herzegovina,Uzbekistan,0.325082,0.259304,0.415614,0.1259158869582422,0.234326,0.5774815082550049,0.5266,1.4544
Bosnia and Herzegovina,Croatia,0.206309,0.260504,0.533188,0.10255708781773588,0.185342,0.3180149793624878,0.5872,1.8654
Bosnia and Herzegovina,England,0.318029,0.193495,0.488476,0.05106180835200542,0.091368,0.7352761030197144,0.4176,2.2181
Bosnia and Herzegovina,Ghana,0.37124,0.275028,0.353732,0.21962017224722186,0.297686,0.5667390823364258,0.7952,1.2982
Bosnia and Herzegovina,Panama,0.223289,0.259478,0.517233,0.15028894240833263,0.231438,0.28467443585395813,0.718,1.6687
Bosnia and Herzegovina,Curaçao,0.263407,0.266731,0.469862,0.20903026890566287,0.247339,0.3257705867290497,0.7645,1.3102
Bosnia and Herzegovina,Ecuador,0.281268,0.222954,0.495779,0.0476819514435991,0.215927,0.5463945865631104,0.3279,1.9688
Bosnia and Herzegovina,Germany,0.28601,0.204956,0.509034,0.06622351701128883,0.159182,0.5845902562141418,0.6336,2.5496
Bosnia and Herzegovina,Ivory Coast,0.314167,0.270489,0.415344,0.17089136277526204,0.171993,0.5535256862640381,0.6343,1.3189
Bosnia and Herzegovina,Czech Republic,0.281017,0.271006,0.447976,0.21218382675086012,0.324895,0.3116949200630188,0.8505,1.4477
Bosnia and Herzegovina,Mexico,0.33132,0.240467,0.428214,0.0795162482252225,0.254385,0.6220085620880127,0.472,1.8648
Bosnia and Herzegovina,South Africa,0.380034,0.260445,0.35952,0.24628965134905467,0.296628,0.5664085745811462,0.8552,1.2407
Bosnia and Herzegovina,South Korea,0.337079,0.223984,0.438937,0.08853110186746732,0.199159,0.6705930829048157,0.5436,1.936
Bosnia and Herzegovina,France,0.202181,0.224575,0.573243,0.05928992755218424,0.114309,0.4003710448741913,0.486,2.2622
Bosnia and Herzegovina,Iraq,0.319769,0.274746,0.405485,0.1757243062257319,0.259647,0.4981669783592224,0.6294,1.272
Bosnia and Herzegovina,Norway,0.337209,0.213423,0.449368,0.12466404649947413,0.125388,0.6929739117622375,0.7462,1.9841
Bosnia and Herzegovina,Senegal,0.230204,0.282843,0.486953,0.11273906476272777,0.122163,0.4200380742549896,0.5431,1.6336
Bosnia and Herzegovina,Japan,0.296695,0.20717,0.496134,0.04537132528530746,0.161564,0.6306810975074768,0.4333,2.4114
Bosnia and Herzegovina,Netherlands,0.220892,0.245546,0.533562,0.07722205747192089,0.169944,0.39204874634742737,0.6173,2.3069
Bosnia and Herzegovina,Sweden,0.248878,0.249269,0.501853,0.17911687764365145,0.343132,0.2425510734319687,0.8642,1.7175
Bosnia and Herzegovina,Tunisia,0.309461,0.282145,0.408394,0.16496595882473142,0.231858,0.5014144778251648,0.5978,1.2843
Canada,Algeria,0.461542,0.268083,0.270375,0.5237644243732937,0.203314,0.5980857014656067,1.4683,0.7903
Canada,Argentina,0.352902,0.247504,0.399594,0.13339283903150168,0.212928,0.6611073017120361,0.5509,1.4431
Canada,Austria,0.500441,0.260941,0.238618,0.5245019009381199,0.340176,0.5986461639404297,1.4352,0.7538
Canada,Jordan,0.384083,0.285512,0.330405,0.49478715319093775,0.370239,0.2921108901500702,1.3438,0.7697
Canada,Australia,0.291047,0.293834,0.415119,0.34184324255259596,0.274734,0.2563322186470032,0.97,0.9312
Canada,Paraguay,0.440281,0.282505,0.277215,0.30977763991857216,0.3762,0.6091316938400269,0.8225,0.856
Canada,Turkey,0.493019,0.232761,0.274221,0.5443291002381286,0.211753,0.656968891620636,1.6194,0.862
Canada,United States,0.330555,0.260134,0.409311,0.3597976239020716,0.413698,0.24102109670639038,1.1256,1.0654
Canada,Belgium,0.443824,0.256424,0.299752,0.39015609828225073,0.274544,0.6206871271133423,1.2062,1.0341
Canada,Egypt,0.348659,0.305225,0.346115,0.47146178545711986,0.231814,0.32291486859321594,1.1216,0.6093
Canada,Iran,0.380755,0.295091,0.324154,0.375455137830392,0.277432,0.4633146822452545,1.0777,0.9313
Canada,New Zealand,0.368695,0.275827,0.355478,0.3134668230435025,0.469459,0.3440330922603607,1.0086,1.1219
Canada,Bosnia and Herzegovina,0.640499,0.199635,0.159866,0.7393242892966363,0.457103,0.6869490146636963,2.0995,0.5158
Canada,Qatar,0.542484,0.239487,0.218029,0.6379901403762718,0.492788,0.4915132224559784,1.919,0.7698
Canada,Switzerland,0.38519,0.286292,0.328518,0.418828757162383,0.260176,0.44804278016090393,1.2416,0.9548
Canada,Brazil,0.278839,0.282103,0.439059,0.14606238011460992,0.29961,0.3860160708427429,0.6208,1.4928
Canada,Haiti,0.532623,0.241921,0.225455,0.6662206886488469,0.332653,0.5593730807304382,1.972,0.7033
Canada,Morocco,0.349508,0.292521,0.357971,0.2947662490494603,0.128725,0.5660753846168518,0.7761,0.8515
Canada,Scotland,0.416026,0.261748,0.322226,0.559395728517369,0.320081,0.3555532395839691,1.5282,0.7164
Canada,Cape Verde,0.543494,0.244908,0.211597,0.6989581664897931,0.379305,0.5231295228004456,1.8331,0.474
Canada,Saudi Arabia,0.443787,0.28794,0.268273,0.46944924254035625,0.42966,0.43067240715026855,1.1363,0.6334
Canada,Spain,0.315967,0.283645,0.400388,0.24360267635727023,0.107126,0.5398533344268799,0.902,1.3362
Canada,Uruguay,0.318654,0.287536,0.39381,0.2229627103782667,0.367787,0.37021976709365845,0.6962,1.0927
Canada,Colombia,0.355593,0.266413,0.377994,0.19805138344080048,0.301318,0.542078971862793,0.7603,1.377
Canada,DR Congo,0.400518,0.30792,0.291562,0.5346799365017891,0.244615,0.39362409710884094,1.2823,0.5619
Canada,Portugal,0.396838,0.267116,0.336046,0.33014601689434153,0.259246,0.5619300603866577,1.0893,1.156
Canada,Uzbekistan,0.447559,0.284061,0.26838,0.41539126852210445,0.31684,0.5755558609962463,1.0174,0.6903
Canada,Croatia,0.331983,0.29635,0.371666,0.40364492766013665,0.259457,0.3202224671840668,1.1344,0.8854
Canada,England,0.404953,0.252885,0.342162,0.2650233516879549,0.1372,0.7356026768684387,0.8067,1.0528
Canada,Ghana,0.545401,0.257956,0.196643,0.5892590341523002,0.385502,0.6250225305557251,1.5363,0.6162
Canada,Panama,0.36769,0.272833,0.359477,0.501108699951415,0.313566,0.28498637676239014,1.3871,0.7921
Canada,Curaçao,0.411933,0.258255,0.329812,0.572079034998599,0.331432,0.3243374228477478,1.4769,0.6219
Canada,Ecuador,0.366588,0.286523,0.346889,0.22919939582595894,0.295751,0.5468848943710327,0.6334,0.9345
Canada,Germany,0.405568,0.254903,0.339529,0.35704640593803744,0.227119,0.5845628380775452,1.2241,1.2101
Canada,Ivory Coast,0.446721,0.27842,0.274859,0.4992337346535431,0.24311,0.551193118095398,1.2254,0.626
Canada,Czech Republic,0.467785,0.260736,0.271479,0.5964298020524031,0.413239,0.38981252908706665,1.6431,0.6872
Canada,Mexico,0.442985,0.286612,0.270403,0.33329109729138046,0.339224,0.622416079044342,0.9119,0.8851
Canada,South Africa,0.568612,0.228313,0.203076,0.6258627845243122,0.384404,0.6541178822517395,1.6523,0.5889
Canada,South Korea,0.455777,0.265356,0.278867,0.36979787793909996,0.276049,0.6703731417655945,1.0501,0.9189
Canada,France,0.305739,0.277742,0.416519,0.30213447528714715,0.168657,0.41210490465164185,0.939,1.0737
Canada,Iraq,0.456535,0.279383,0.264081,0.5026213385427952,0.344994,0.4977512061595917,1.2159,0.6037
Canada,Norway,0.469281,0.239181,0.291538,0.4779486889621068,0.183458,0.6760907173156738,1.4417,0.9417
Canada,Senegal,0.344794,0.312239,0.342967,0.4040303118739463,0.179175,0.4144934415817261,1.0492,0.7754
Canada,Japan,0.389336,0.269531,0.341133,0.2576634784829328,0.230116,0.6307756900787354,0.8371,1.1446
Canada,Netherlands,0.342758,0.293351,0.363891,0.37269747947993814,0.240573,0.39187365770339966,1.1925,1.095
Canada,Sweden,0.432835,0.248947,0.318218,0.5688861112653296,0.431282,0.30818435549736023,1.6697,0.8152
Canada,Tunisia,0.442206,0.289467,0.268328,0.4819902253199461,0.314043,0.5017417073249817,1.1549,0.6096
Qatar,Algeria,0.356785,0.261938,0.381277,0.27457161365911986,0.118175,0.6121552586555481,1.1343,1.522
Qatar,Argentina,0.300173,0.18441,0.515416,0.03250935855667871,0.124699,0.6795925498008728,0.4255,2.7791
Qatar,Austria,0.38197,0.259384,0.358646,0.2799429067202223,0.221365,0.5970351099967957,1.1087,1.4516
Qatar,Jordan,0.240566,0.275232,0.484201,0.2562765609063217,0.247425,0.22088247537612915,1.0381,1.4824
Qatar,Australia,0.193156,0.260214,0.54663,0.14403772221328062,0.169111,0.2566515803337097,0.7494,1.7932
Qatar,Paraguay,0.306355,0.263939,0.429705,0.13293475413395037,0.25276,0.5070145726203918,0.6354,1.6485
Qatar,Turkey,0.381638,0.23053,0.387832,0.2806728526641039,0.123896,0.6687284111976624,1.251,1.6601
Qatar,United States,0.192185,0.226445,0.58137,0.14306658646755172,0.287684,0.16583210229873657,0.8696,2.0517
Qatar,Belgium,0.334826,0.229015,0.43616,0.16216908450311002,0.168968,0.6191556453704834,0.9318,1.9915
Qatar,Egypt,0.245475,0.301166,0.453359,0.2613439545684715,0.137805,0.3117240369319916,0.8664,1.1733
Qatar,Iran,0.277873,0.266098,0.456029,0.1627155815776672,0.171153,0.4645811915397644,0.8325,1.7935
Qatar,New Zealand,0.239335,0.236903,0.523761,0.11561750833219384,0.344386,0.27479127049446106,0.7792,2.1605
Qatar,Bosnia and Herzegovina,0.498595,0.235074,0.266331,0.5121593770191365,0.331291,0.6117982864379883,1.6218,0.9933
Qatar,Canada,0.25467,0.297068,0.448261,0.1356784101486562,0.247212,0.3703185021877289,0.7698,1.919
Qatar,Switzerland,0.276109,0.262448,0.461443,0.1859743643799651,0.158247,0.44804975390434265,0.9591,1.8387
Qatar,Brazil,0.208258,0.223611,0.568131,0.0352026513657334,0.188294,0.38330087065696716,0.4796,2.8748
Qatar,Haiti,0.408957,0.258094,0.332949,0.4056645320225917,0.215056,0.557738721370697,1.5234,1.3544
Qatar,Morocco,0.275463,0.251803,0.472734,0.1253600712688485,0.070706,0.5681715607643127,0.5995,1.6397
Qatar,Scotland,0.29842,0.262994,0.438586,0.31187369680282506,0.204695,0.3564213514328003,1.1805,1.3796
Qatar,Cape Verde,0.402278,0.276619,0.321103,0.47815633625970283,0.255562,0.4423781931400299,1.4161,0.9129
Qatar,Saudi Arabia,0.306452,0.285098,0.40845,0.2564761453958485,0.303303,0.35503530502319336,0.8778,1.2198
Qatar,Spain,0.243477,0.233777,0.522746,0.07380444658931307,0.057919,0.5398533344268799,0.6968,2.5733
Qatar,Uruguay,0.231924,0.237677,0.530399,0.07635846060119826,0.245247,0.36577466130256653,0.5378,2.1043
Qatar,Colombia,0.27434,0.211512,0.514148,0.055296080787494345,0.189641,0.5405694246292114,0.5873,2.6517
Qatar,DR Congo,0.293181,0.313424,0.393395,0.3161258666031962,0.146915,0.38189637660980225,0.9906,1.0821
Qatar,Portugal,0.297254,0.227834,0.474912,0.12153209642227014,0.157562,0.564751923084259,0.8415,2.2262
Qatar,Uzbekistan,0.345943,0.266181,0.387875,0.21221246088267443,0.20206,0.5777594447135925,0.786,1.3294
Qatar,Croatia,0.227005,0.269798,0.503197,0.1835349598261623,0.157717,0.31928297877311707,0.8763,1.7051
Qatar,England,0.329549,0.207445,0.463006,0.09702546651870969,0.075835,0.7352761030197144,0.6232,2.0275
Qatar,Ghana,0.406004,0.272295,0.321701,0.3515539210328056,0.261202,0.5651934146881104,1.1868,1.1866
Qatar,Panama,0.251477,0.26524,0.483283,0.257945906291629,0.199412,0.2846277356147766,1.0716,1.5253
Qatar,Curaçao,0.298413,0.26488,0.436707,0.3364093659708548,0.214039,0.32668963074684143,1.1409,1.1976
Qatar,Ecuador,0.286132,0.236177,0.477692,0.08749566792491187,0.185266,0.5456383228302002,0.4893,1.7995
Qatar,Germany,0.310895,0.216783,0.472321,0.13130854953405793,0.13451,0.609546959400177,0.9456,2.3304
Qatar,Ivory Coast,0.346973,0.271672,0.381355,0.2791403744635663,0.145835,0.5608795881271362,0.9466,1.2055
Qatar,Czech Republic,0.316649,0.269619,0.413731,0.3463449747440763,0.287242,0.3112899959087372,1.2693,1.3233
Qatar,Mexico,0.342533,0.254273,0.403194,0.14321189562151226,0.220561,0.618536114692688,0.7044,1.7046
Qatar,South Africa,0.417558,0.255062,0.32738,0.3877339638989365,0.260197,0.5634135603904724,1.2764,1.1341
Qatar,South Korea,0.354002,0.236103,0.409894,0.16060016363306487,0.170106,0.6710753440856934,0.8112,1.7696
Qatar,France,0.213121,0.237653,0.549226,0.11323808267475038,0.09545,0.3939332067966461,0.7254,2.0678
Qatar,Iraq,0.347979,0.275674,0.376347,0.2849728335601461,0.225449,0.49833959341049194,0.9393,1.1627
Qatar,Norway,0.366765,0.223943,0.409292,0.22465280875111723,0.105007,0.6949268579483032,1.1137,1.8135
Qatar,Senegal,0.254147,0.289686,0.456167,0.19516724248175224,0.102219,0.4228796660900116,0.8105,1.4932
Qatar,Japan,0.309472,0.220203,0.470325,0.08863377896204888,0.136611,0.6436223983764648,0.6466,2.2041
Qatar,Netherlands,0.231013,0.259962,0.509025,0.14769524754300511,0.144018,0.37344875931739807,0.9212,2.1086
Qatar,Sweden,0.281578,0.25228,0.466142,0.3055824515853485,0.304917,0.24183739721775055,1.2898,1.5699
Qatar,Tunisia,0.336464,0.2842,0.379336,0.26889660905268364,0.199798,0.5016671419143677,0.8922,1.174
Switzerland,Algeria,0.467843,0.267888,0.264268,0.45803747562252917,0.30436,0.599786639213562,1.4069,0.9847
Switzerland,Argentina,0.367123,0.229659,0.403218,0.09558924718185069,0.31594,0.6567029356956482,0.5278,1.7981
Switzerland,Austria,0.529686,0.25585,0.214464,0.4603983782567932,0.451961,0.6521815657615662,1.3751,0.9392
Switzerland,Jordan,0.39168,0.286931,0.321389,0.43099020826068535,0.480042,0.2889118790626526,1.2875,0.9591
Switzerland,Australia,0.32768,0.288247,0.384073,0.2825130511819897,0.385763,0.3257948160171509,0.9294,1.1602
Switzerland,Paraguay,0.450826,0.274638,0.274536,0.2566062511504577,0.48545,0.6044137477874756,0.7881,1.0666
Switzerland,Turkey,0.498355,0.234237,0.267408,0.47497372233569324,0.314535,0.658138632774353,1.5516,1.0741
Switzerland,United States,0.338702,0.256211,0.405087,0.2939779060928059,0.518322,0.24505749344825745,1.0785,1.3274
Switzerland,Belgium,0.47529,0.243032,0.281678,0.32249509600305015,0.385559,0.6840338706970215,1.1557,1.2885
Switzerland,Egypt,0.359321,0.305826,0.334853,0.4162992078206192,0.338101,0.3225766718387604,1.0746,0.7591
Switzerland,Iran,0.420573,0.281253,0.298174,0.31283305365014247,0.388639,0.5442100167274475,1.0326,1.1604
Switzerland,New Zealand,0.373149,0.272929,0.353923,0.25112845787863586,0.563818,0.34268367290496826,0.9664,1.3979
Switzerland,Bosnia and Herzegovina,0.643867,0.217177,0.138956,0.689888081313768,0.554065,0.6688033938407898,2.0116,0.6427
Switzerland,Canada,0.395594,0.31857,0.285836,0.2749103575159427,0.479824,0.44389304518699646,0.9548,1.2416
Switzerland,Qatar,0.544803,0.246809,0.208388,0.5726376198219838,0.581753,0.49129030108451843,1.8387,0.9591
Switzerland,Brazil,0.327402,0.254945,0.417652,0.10457023032935453,0.411794,0.4700452387332916,0.5948,1.86
Switzerland,Haiti,0.575484,0.234365,0.19015,0.6045954425253739,0.444715,0.6468498706817627,1.8895,0.8763
Switzerland,Morocco,0.352801,0.287,0.360199,0.24348410258366013,0.206999,0.5634817481040955,0.7436,1.0609
Switzerland,Scotland,0.455184,0.259263,0.285553,0.49626763915591693,0.432404,0.43431204557418823,1.4642,0.8926
Switzerland,Cape Verde,0.55683,0.25041,0.192761,0.6496936332246901,0.488246,0.5224983096122742,1.7564,0.5906
Switzerland,Saudi Arabia,0.453972,0.286098,0.25993,0.413177061733047,0.531742,0.4332454800605774,1.0888,0.7892
Switzerland,Spain,0.309369,0.27416,0.416471,0.18576340269954184,0.176049,0.523881196975708,0.8642,1.6649
Switzerland,Uruguay,0.359141,0.274658,0.366201,0.17446165619775586,0.477802,0.4407435357570648,0.6671,1.3615
Switzerland,Colombia,0.396451,0.242121,0.361428,0.1475797986916809,0.413541,0.6137584447860718,0.7285,1.7157
Switzerland,DR Congo,0.411406,0.311114,0.27748,0.4797488185498643,0.352699,0.39232927560806274,1.2286,0.7001
Switzerland,Portugal,0.407527,0.25355,0.338923,0.26472869650702746,0.368979,0.568557858467102,1.0437,1.4404
Switzerland,Uzbekistan,0.487886,0.272084,0.24003,0.35951886167963404,0.429188,0.6507169604301453,0.9749,0.8601
Switzerland,Croatia,0.344617,0.285621,0.369762,0.34038233977242943,0.369211,0.3300474286079407,1.0869,1.1032
Switzerland,England,0.406378,0.242004,0.351618,0.2112042306261521,0.218783,0.7278683185577393,0.773,1.3118
Switzerland,Ghana,0.556997,0.261097,0.181906,0.5307368449808457,0.493786,0.628791093826294,1.472,0.7678
Switzerland,Panama,0.408026,0.270631,0.321344,0.4360699105278011,0.425921,0.3686406910419464,1.3291,0.9869
Switzerland,Curaçao,0.454194,0.256898,0.288908,0.5133880136534269,0.44353,0.40746667981147766,1.4151,0.7749
Switzerland,Ecuador,0.411612,0.264395,0.323994,0.18399038910148663,0.407828,0.6249567270278931,0.6069,1.1643
Switzerland,Germany,0.41138,0.248078,0.340542,0.2868788090929201,0.332664,0.5856808423995972,1.1729,1.5078
Switzerland,Ivory Coast,0.456835,0.278626,0.264539,0.4420720207964534,0.351,0.5500343441963196,1.1741,0.78
Switzerland,Czech Republic,0.477529,0.260586,0.261885,0.5344215397035944,0.517932,0.3945491909980774,1.5744,0.8562
Switzerland,Mexico,0.477442,0.269004,0.253554,0.2765101558604639,0.451049,0.6830989122390747,0.8737,1.1029
Switzerland,South Africa,0.578115,0.234199,0.187686,0.5688546131462295,0.492808,0.6507968902587891,1.5832,0.7337
Switzerland,South Korea,0.494169,0.244102,0.261729,0.30815633739860954,0.387167,0.7466145753860474,1.0062,1.1449
Switzerland,France,0.310777,0.269394,0.419829,0.24269337559405624,0.260851,0.41126468777656555,0.8997,1.3379
Switzerland,Iraq,0.500333,0.268797,0.23087,0.4464635772546411,0.456554,0.5830540657043457,1.165,0.7522
Switzerland,Norway,0.471549,0.239175,0.289276,0.4076620693218888,0.279781,0.6747647523880005,1.3813,1.1734
Switzerland,Senegal,0.350715,0.310224,0.339061,0.3452239841481014,0.274357,0.41318458318710327,1.0053,0.9661
Switzerland,Japan,0.399936,0.258281,0.341783,0.20237026479894618,0.33614,0.6305906176567078,0.802,1.4261
Switzerland,Netherlands,0.349199,0.286205,0.364596,0.3045875232635173,0.348125,0.39126282930374146,1.1426,1.3643
Switzerland,Sweden,0.437542,0.249613,0.312845,0.5011692844458188,0.533088,0.30688637495040894,1.5998,1.0157
Switzerland,Tunisia,0.484534,0.279047,0.23642,0.42634190508460756,0.426399,0.5820431113243103,1.1066,0.7596
Brazil,Algeria,0.562504,0.228945,0.208552,0.7625913059050947,0.264677,0.6013138890266418,2.1996,0.4924
Brazil,Argentina,0.426728,0.273649,0.299623,0.301519221572636,0.275702,0.656032145023346,0.8252,0.899
Brazil,Austria,0.619365,0.218484,0.162151,0.7600267929258835,0.411198,0.645743191242218,2.15,0.4696
Brazil,Jordan,0.485098,0.250743,0.264159,0.7330411732832339,0.44062,0.2892332971096039,2.013,0.4795
Brazil,Australia,0.391876,0.275412,0.332712,0.577644239657248,0.343842,0.256181538105011,1.4531,0.5801
Brazil,Paraguay,0.533356,0.268922,0.197722,0.528018427566648,0.446346,0.6036894917488098,1.2322,0.5333
Brazil,Turkey,0.594677,0.194577,0.210746,0.7871506379869496,0.27436,0.657433032989502,2.4259,0.537
Brazil,United States,0.438493,0.240261,0.321246,0.6132699379428775,0.48158,0.24447603523731232,1.6863,0.6637
Brazil,Belgium,0.552841,0.230122,0.217037,0.646410565878407,0.34364,0.6235448122024536,1.8069,0.6442
Brazil,Egypt,0.443784,0.269775,0.286441,0.6931871791364309,0.297018,0.3234509825706482,1.6802,0.3796
Brazil,Iran,0.485096,0.271769,0.243136,0.6191130588421239,0.346713,0.4651673138141632,1.6144,0.5802
Brazil,New Zealand,0.470219,0.265794,0.263986,0.5596616889876189,0.531585,0.34138187766075134,1.511,0.6989
Brazil,Bosnia and Herzegovina,0.711808,0.167444,0.120748,0.9070740776344931,0.520741,0.6748350262641907,3.1451,0.3213
Brazil,Canada,0.486998,0.30984,0.203163,0.5766026529688077,0.44039,0.4391629993915558,1.4928,0.6208
Brazil,Qatar,0.633524,0.201028,0.165448,0.85521619418597,0.551706,0.49000033736228943,2.8748,0.4796
Brazil,Switzerland,0.492418,0.25572,0.251862,0.6713451486982451,0.328206,0.450370728969574,1.86,0.5948
Brazil,Haiti,0.655867,0.18749,0.156644,0.8708799411037627,0.40369,0.6465631127357483,2.9541,0.4382
Brazil,Morocco,0.435643,0.281903,0.282454,0.5071979441072224,0.174913,0.5654371380805969,1.1626,0.5304
Brazil,Scotland,0.544753,0.216553,0.238694,0.78827762967036,0.39101,0.4350978434085846,2.2892,0.4463
Brazil,Cape Verde,0.624557,0.204258,0.171185,0.8782679130212363,0.449315,0.5216406583786011,2.7461,0.2953
Brazil,Saudi Arabia,0.540282,0.250503,0.209215,0.693650946456284,0.496179,0.4315964877605438,1.7023,0.3946
Brazil,Spain,0.40382,0.28707,0.30911,0.48053216374495217,0.147433,0.5255793333053589,1.3512,0.8325
Brazil,Uruguay,0.435093,0.291831,0.273076,0.4263605808358202,0.438254,0.4407934546470642,1.0429,0.6807
Brazil,Colombia,0.475413,0.267228,0.257359,0.4117272233899396,0.37177,0.6122064590454102,1.1389,0.8578
Brazil,DR Congo,0.494215,0.267888,0.237897,0.7513398616389798,0.311215,0.39397385716438293,1.9209,0.3501
Brazil,Portugal,0.503343,0.250064,0.246594,0.5846982157373789,0.327198,0.5604972243309021,1.6318,0.7202
Brazil,Uzbekistan,0.574,0.244142,0.181858,0.6406526047678512,0.387714,0.6523743867874146,1.5242,0.4301
Brazil,Croatia,0.435214,0.266252,0.298534,0.6475230353749626,0.327427,0.31988728046417236,1.6994,0.5516
Brazil,England,0.49122,0.248485,0.260295,0.4857316311548028,0.185506,0.7260707020759583,1.2085,0.6559
Brazil,Ghana,0.640236,0.216162,0.143602,0.8053492491212265,0.455212,0.626607358455658,2.3015,0.3839
Brazil,Panama,0.502809,0.23355,0.263641,0.7412821727102453,0.384372,0.3712894320487976,2.078,0.4934
Brazil,Curaçao,0.538453,0.212932,0.248615,0.791101508049482,0.402465,0.4070156216621399,2.2125,0.3874
Brazil,Ecuador,0.455767,0.284046,0.260187,0.42081149694370085,0.365988,0.5555722117424011,0.9489,0.5822
Brazil,Germany,0.516464,0.235176,0.24836,0.6233620209589864,0.291761,0.586495041847229,1.8338,0.7539
Brazil,Ivory Coast,0.541204,0.241553,0.217243,0.7233610742389234,0.309556,0.5468558073043823,1.8357,0.39
Brazil,Czech Republic,0.563963,0.217097,0.21894,0.8171899123224173,0.481158,0.3920188248157501,2.4614,0.4281
Brazil,Mexico,0.562673,0.259437,0.177889,0.5619657278054232,0.410251,0.6778895854949951,1.3661,0.5514
Brazil,South Africa,0.657833,0.187614,0.154554,0.8329329914906302,0.45417,0.6489765644073486,2.4752,0.3669
Brazil,South Korea,0.560338,0.240984,0.198678,0.6110556100537287,0.345243,0.6751008033752441,1.5731,0.5725
Brazil,France,0.402921,0.267078,0.330001,0.5397920977638805,0.223924,0.41088080406188965,1.4066,0.6689
Brazil,Iraq,0.583788,0.230071,0.186141,0.724453112038646,0.415975,0.5798321962356567,1.8215,0.3761
Brazil,Norway,0.573789,0.205824,0.220387,0.7320248192019148,0.241525,0.6771872043609619,2.1597,0.5867
Brazil,Senegal,0.441039,0.285713,0.273248,0.636710886368168,0.236462,0.41384559869766235,1.5718,0.483
Brazil,Japan,0.486444,0.265938,0.247618,0.4838380737516499,0.29512,0.63265460729599,1.254,0.713
Brazil,Netherlands,0.448614,0.271406,0.27998,0.6316252638780375,0.306753,0.3859902024269104,1.7865,0.6821
Brazil,Sweden,0.532731,0.207453,0.259816,0.804498124231278,0.49765,0.3077709972858429,2.5012,0.5079
Brazil,Tunisia,0.569606,0.241844,0.18855,0.7041672330042901,0.38486,0.5840230584144592,1.7301,0.3798
Haiti,Algeria,0.374426,0.262154,0.36342,0.24280845901116427,0.234499,0.6013138890266418,1.0363,1.564
Haiti,Argentina,0.32514,0.184992,0.489868,0.027049438818558758,0.244915,0.6611073017120361,0.3888,2.8559
Haiti,Austria,0.432948,0.253226,0.313827,0.24821306104068816,0.377585,0.6453985571861267,1.0129,1.4917
Haiti,Jordan,0.300352,0.277463,0.422184,0.2265763945652392,0.407583,0.28798380494117737,0.9484,1.5233
Haiti,Australia,0.226101,0.257387,0.516512,0.12496243523940716,0.310536,0.25617119669914246,0.6846,1.8427
Haiti,Paraguay,0.381833,0.243474,0.374693,0.1158465564903861,0.413473,0.6040332913398743,0.5805,1.694
Haiti,Turkey,0.399442,0.229617,0.370941,0.2472798502756747,0.243644,0.6572586894035339,1.1429,1.7059
Haiti,United States,0.260048,0.224645,0.515306,0.12298886920846576,0.45009,0.24396242201328278,0.7945,2.1083
Haiti,Belgium,0.367168,0.225319,0.407513,0.1399143022175161,0.310337,0.6200441122055054,0.8513,2.0464
Haiti,Egypt,0.27576,0.298507,0.425733,0.23346039467344176,0.26521,0.32280635833740234,0.7916,1.2057
Haiti,Iran,0.310097,0.263817,0.426086,0.14135147857461744,0.313348,0.46370598673820496,0.7606,1.843
Haiti,New Zealand,0.303875,0.234241,0.461884,0.09880525945812746,0.503192,0.3437117636203766,0.7119,2.2202
Haiti,Bosnia and Herzegovina,0.553184,0.235841,0.210975,0.46946104319899296,0.491561,0.6769266724586487,1.4818,1.0207
Haiti,Canada,0.317738,0.29015,0.392112,0.11711857802489324,0.407347,0.43591800332069397,0.7033,1.972
Haiti,Qatar,0.445055,0.252849,0.302096,0.3300729009091361,0.524944,0.4913438856601715,1.3544,1.5234
Haiti,Switzerland,0.3063,0.26081,0.43289,0.1615967988992268,0.295285,0.44839808344841003,0.8763,1.8895
Haiti,Brazil,0.248403,0.220058,0.531539,0.02918029355604219,0.33631,0.3850654363632202,0.4382,2.9541
Haiti,Morocco,0.291615,0.251963,0.456422,0.10923247052440056,0.151704,0.5654371380805969,0.5477,1.685
Haiti,Scotland,0.329639,0.264345,0.406016,0.27786889167905204,0.357254,0.35675951838493347,1.0786,1.4177
Haiti,Cape Verde,0.462102,0.274126,0.263773,0.4378360940437936,0.416534,0.5187917947769165,1.2938,0.9381
Haiti,Saudi Arabia,0.370713,0.278795,0.350493,0.2286878670632594,0.465453,0.4308474361896515,0.802,1.2535
Haiti,Spain,0.258109,0.23073,0.511161,0.06195651709721493,0.12705,0.5380123257637024,0.6366,2.6443
Haiti,Uruguay,0.300415,0.234173,0.465412,0.06523977715552967,0.405155,0.43917813897132874,0.4914,2.1623
Haiti,Colombia,0.312806,0.208902,0.478292,0.04623987831857822,0.338067,0.5403371453285217,0.5366,2.7249
Haiti,DR Congo,0.324377,0.311869,0.363754,0.2843352917680529,0.278844,0.3956296741962433,0.905,1.1119
Haiti,Portugal,0.328038,0.225401,0.446561,0.10366433028197271,0.294306,0.5608893036842346,0.7688,2.2877
Haiti,Uzbekistan,0.380446,0.265239,0.354315,0.1879574507230362,0.353955,0.5783680081367493,0.7181,1.3661
Haiti,Croatia,0.256792,0.269801,0.473407,0.16016996787927984,0.294528,0.31778484582901,0.8007,1.7522
Haiti,England,0.345843,0.20409,0.450067,0.0832195013248718,0.161292,0.7274228930473328,0.5694,2.0835
Haiti,Ghana,0.46065,0.268162,0.271188,0.3160696812314965,0.422626,0.6229353547096252,1.0843,1.2194
Haiti,Panama,0.283699,0.264882,0.451419,0.22777023415886516,0.350614,0.28512874245643616,0.979,1.5674
Haiti,Curaçao,0.330569,0.264036,0.405394,0.3019855547370076,0.368765,0.32829463481903076,1.0424,1.2307
Haiti,Ecuador,0.323025,0.234168,0.442807,0.07564968856979747,0.332335,0.5447958707809448,0.4471,1.8492
Haiti,Germany,0.330195,0.216463,0.453343,0.11168984925019965,0.260186,0.5848838090896606,0.864,2.3948
Haiti,Ivory Coast,0.369053,0.275381,0.355565,0.2494178961388006,0.277246,0.5486937165260315,0.8649,1.2388
Haiti,Czech Republic,0.380093,0.268248,0.351659,0.3100005270390254,0.449647,0.3926367163658142,1.1597,1.3598
Haiti,Mexico,0.40279,0.240332,0.356878,0.12463122576640204,0.376627,0.6796915531158447,0.6436,1.7516
Haiti,South Africa,0.481444,0.246053,0.272503,0.35017658546300984,0.421548,0.6478566527366638,1.1662,1.1654
Haiti,South Korea,0.386385,0.233668,0.379948,0.13960836403893226,0.311907,0.6705774068832397,0.7412,1.8185
Haiti,France,0.242858,0.234709,0.522433,0.0970788376747833,0.196472,0.41253727674484253,0.6627,2.1249
Haiti,Iraq,0.413281,0.265941,0.320778,0.25508519990579936,0.382426,0.5827686786651611,0.8582,1.1948
Haiti,Norway,0.380702,0.223956,0.395342,0.19600383006169625,0.212806,0.6776987314224243,1.0175,1.8636
Haiti,Senegal,0.272286,0.290663,0.437051,0.17170166120404196,0.208093,0.41355249285697937,0.7405,1.5344
Haiti,Japan,0.335735,0.218247,0.446018,0.07549145968089184,0.263395,0.6307756900787354,0.5908,2.265
Haiti,Netherlands,0.264607,0.258354,0.477038,0.12676565261699654,0.274549,0.38460925221443176,0.8417,2.1668
Haiti,Sweden,0.339579,0.249406,0.411015,0.2705612289536177,0.467007,0.307628870010376,1.1785,1.6132
Haiti,Tunisia,0.370371,0.282458,0.34717,0.2403301749999089,0.351101,0.5051151514053345,0.8151,1.2064
Morocco,Algeria,0.558991,0.267687,0.173322,0.5110194620444508,0.475615,0.6660202741622925,1.2546,0.6155
Morocco,Argentina,0.45446,0.258473,0.287067,0.14681652460177952,0.486435,0.7149314284324646,0.4707,1.1239
Morocco,Austria,0.587618,0.265396,0.146985,0.5105715691109004,0.593182,0.6546879410743713,1.2263,0.587
Morocco,Jordan,0.446636,0.298955,0.254409,0.48272112060017397,0.611412,0.2894175350666046,1.1482,0.5995
Morocco,Australia,0.394042,0.306628,0.29933,0.3415699663404415,0.54547,0.3287542164325714,0.8288,0.7252
Morocco,Paraguay,0.506756,0.300025,0.193219,0.30852546823165994,0.6148,0.6088700890541077,0.7028,0.6667
Morocco,Turkey,0.590506,0.235077,0.174416,0.5327352092188442,0.485139,0.7231273651123047,1.3837,0.6714
Morocco,United States,0.39751,0.279867,0.322623,0.3623683145775724,0.634595,0.2518148720264435,0.9618,0.8297
Morocco,Belgium,0.54557,0.259263,0.195167,0.3906078186438798,0.545312,0.6890716552734375,1.0306,0.8054
Morocco,Egypt,0.447365,0.314481,0.238154,0.4546814578805995,0.506278,0.39632001519203186,0.9583,0.4745
Morocco,Iran,0.484205,0.307095,0.208701,0.37378438593148255,0.547696,0.5385996699333191,0.9208,0.7253
Morocco,New Zealand,0.436311,0.288052,0.275637,0.31920974313077216,0.659915,0.3765425682067871,0.8618,0.8737
Morocco,Bosnia and Herzegovina,0.700085,0.206552,0.093363,0.7113638562937884,0.654676,0.7237838506698608,1.7939,0.4017
Morocco,Canada,0.453482,0.348999,0.197519,0.3376253494931768,0.611275,0.4420270323753357,0.8515,0.7761
Morocco,Qatar,0.595553,0.241927,0.16252,0.6198372788549247,0.669294,0.5176706314086914,1.6397,0.5995
Morocco,Switzerland,0.490231,0.284973,0.224795,0.41585294352498536,0.533001,0.5268697738647461,1.0609,0.7436
Morocco,Brazil,0.384322,0.302973,0.312704,0.1606393788634378,0.565087,0.4553176760673523,0.5304,1.1626
Morocco,Haiti,0.630894,0.240863,0.128244,0.6452520497947066,0.588296,0.6496320962905884,1.685,0.5477
Morocco,Scotland,0.511939,0.267625,0.220436,0.5427352473038384,0.579815,0.4324429929256439,1.3057,0.5579
Morocco,Cape Verde,0.601972,0.255594,0.142434,0.6697305870282586,0.616537,0.528361976146698,1.5663,0.3692
Morocco,Saudi Arabia,0.507996,0.296469,0.195535,0.4537008596354819,0.642303,0.4572616219520569,0.9709,0.4933
Morocco,Spain,0.379476,0.299763,0.32076,0.2558033744474015,0.329756,0.5312169194221497,0.7707,1.0407
Morocco,Uruguay,0.422082,0.310151,0.267767,0.23035779742133253,0.609998,0.45814797282218933,0.5949,0.851
Morocco,Colombia,0.462479,0.275945,0.261576,0.21141175602556603,0.566362,0.6165831089019775,0.6496,1.0724
Morocco,DR Congo,0.491678,0.319274,0.189048,0.5133654093041077,0.518764,0.4512645900249481,1.0957,0.4376
Morocco,Portugal,0.505022,0.266943,0.228035,0.33607805005087915,0.532177,0.6408495306968689,0.9307,0.9003
Morocco,Uzbekistan,0.542403,0.295477,0.162119,0.4041857335050393,0.577561,0.6438001990318298,0.8693,0.5376
Morocco,Croatia,0.433399,0.305905,0.260696,0.39938920382898696,0.532364,0.390468567609787,0.9693,0.6896
Morocco,England,0.494625,0.255862,0.249513,0.2705831155706048,0.384371,0.7846832871437073,0.6893,0.8199
Morocco,Ghana,0.614331,0.26276,0.122909,0.5679918957197306,0.619948,0.6529629230499268,1.3127,0.4799
Morocco,Panama,0.467903,0.288471,0.243626,0.48946124114282985,0.575255,0.3672800064086914,1.1853,0.6169
Morocco,Curaçao,0.508767,0.26549,0.225743,0.551650062742722,0.58749,0.40994101762771606,1.2619,0.4843
Morocco,Ecuador,0.47054,0.300237,0.229223,0.23258356535674582,0.562173,0.6217281222343445,0.5412,0.7277
Morocco,Germany,0.510745,0.256963,0.232291,0.36312249317337086,0.50151,0.6542065739631653,1.046,0.9424
Morocco,Ivory Coast,0.54527,0.276662,0.178068,0.48190866618433814,0.517334,0.6248618364334106,1.0471,0.4875
Morocco,Czech Republic,0.526624,0.265188,0.208188,0.5773338828122985,0.634368,0.39874643087387085,1.404,0.5352
Morocco,Mexico,0.537638,0.294746,0.167616,0.33201889753925456,0.592571,0.6865049004554749,0.7792,0.6893
Morocco,South Africa,0.627311,0.241785,0.130903,0.602402349209958,0.619349,0.656330943107605,1.4118,0.4586
Morocco,South Korea,0.557672,0.266793,0.175535,0.36801613279235906,0.546559,0.74141526222229,0.8973,0.7157
Morocco,France,0.408139,0.285238,0.306622,0.30710100512342436,0.431895,0.48372286558151245,0.8023,0.8362
Morocco,Iraq,0.55351,0.280653,0.165837,0.48428723960572345,0.59624,0.5854100584983826,1.0389,0.4702
Morocco,Norway,0.560307,0.243033,0.19666,0.4717624591057207,0.451541,0.7239407896995544,1.2318,0.7334
Morocco,Senegal,0.44806,0.318376,0.233564,0.3962990707722677,0.446014,0.4974648654460907,0.8965,0.6039
Morocco,Japan,0.492896,0.276602,0.230502,0.26557737527859726,0.504566,0.694344699382782,0.7152,0.8914
Morocco,Netherlands,0.441322,0.309542,0.249136,0.37544362885150795,0.5149,0.44694313406944275,1.019,0.8528
Morocco,Sweden,0.488165,0.26071,0.251125,0.5548422868527172,0.643065,0.3100792467594147,1.4267,0.6349
Morocco,Tunisia,0.542528,0.293043,0.164428,0.46476725941890845,0.575593,0.5895894765853882,0.9868,0.4748
Scotland,Algeria,0.400556,0.273757,0.325687,0.309345836107022,0.245676,0.6013138890266418,1.0556,1.212
Scotland,Argentina,0.335619,0.205936,0.458445,0.048092535891974264,0.256338,0.6611073017120361,0.396,2.2131
Scotland,Austria,0.458994,0.264594,0.276412,0.3134731822994813,0.390316,0.645187497138977,1.0318,1.156
Scotland,Jordan,0.325262,0.291122,0.383617,0.2895008063157815,0.420154,0.2870112955570221,0.966,1.1804
Scotland,Australia,0.246618,0.277237,0.476145,0.17401086473801516,0.323021,0.25633886456489563,0.6974,1.428
Scotland,Paraguay,0.400116,0.264153,0.335731,0.15951609878186904,0.425993,0.6031696796417236,0.5913,1.3127
Scotland,Turkey,0.427202,0.240905,0.331893,0.31835822665812913,0.255038,0.6572586894035339,1.1642,1.322
Scotland,United States,0.28193,0.244213,0.473857,0.17635590107073199,0.462148,0.2441106140613556,0.8092,1.6338
Scotland,Belgium,0.391533,0.242247,0.36622,0.19693424015070596,0.322821,0.6231387853622437,0.8671,1.5858
Scotland,Egypt,0.297945,0.310772,0.391284,0.2879348844171209,0.277049,0.3229065537452698,0.8063,0.9343
Scotland,Iran,0.332365,0.282424,0.385211,0.19473673976184347,0.325861,0.4645301401615143,0.7748,1.4282
Scotland,New Zealand,0.322877,0.255627,0.421496,0.14628730892580832,0.51415,0.34242168068885803,0.7251,1.7205
Scotland,Bosnia and Herzegovina,0.578299,0.236983,0.184717,0.534492507093923,0.502804,0.6755537390708923,1.5093,0.791
Scotland,Canada,0.337585,0.311069,0.351346,0.16633208807287173,0.419919,0.4340745210647583,0.7164,1.5282
Scotland,Qatar,0.474071,0.25915,0.266779,0.405626077989602,0.535305,0.4913438856601715,1.3796,1.1805
Scotland,Switzerland,0.329822,0.277875,0.392303,0.22090041711338607,0.307596,0.4472563564777374,0.8926,1.4642
Scotland,Brazil,0.259655,0.240706,0.49964,0.05216871105935067,0.34899,0.3843904435634613,0.4463,2.2892
Scotland,Haiti,0.502151,0.250171,0.247678,0.4387872930773108,0.382746,0.6504934430122375,1.4177,1.0786
Scotland,Morocco,0.308391,0.272992,0.418617,0.15089103862394965,0.160185,0.5654371380805969,0.5579,1.3057
Scotland,Cape Verde,0.486773,0.275258,0.237969,0.49879498208905226,0.429024,0.5190597176551819,1.3178,0.727
Scotland,Saudi Arabia,0.392944,0.291226,0.315831,0.2839996906587365,0.477246,0.430332213640213,0.8169,0.9714
Scotland,Spain,0.273385,0.252105,0.474509,0.10013751885911985,0.134469,0.5380123257637024,0.6484,2.0492
Scotland,Uruguay,0.31552,0.256879,0.427601,0.0993970708122484,0.417744,0.43855562806129456,0.5005,1.6757
Scotland,Colombia,0.326974,0.230665,0.442361,0.07741741666427833,0.350755,0.539885938167572,0.5466,2.1116
Scotland,DR Congo,0.347541,0.320694,0.331766,0.3418350861278893,0.290919,0.3953743875026703,0.9219,0.8617
Scotland,Portugal,0.348317,0.2457,0.405983,0.1538389813608451,0.306605,0.5595186352729797,0.7831,1.7728
Scotland,Uzbekistan,0.40449,0.278938,0.316572,0.24000371569550646,0.366695,0.5850104689598083,0.7314,1.0586
Scotland,Croatia,0.279425,0.286826,0.433749,0.21614915310919774,0.30683,0.31734418869018555,0.8155,1.3578
Scotland,England,0.362145,0.225999,0.411856,0.12319510855329058,0.170155,0.7274228930473328,0.58,1.6145
Scotland,Ghana,0.487282,0.275178,0.23754,0.3804849763351331,0.435053,0.625301718711853,1.1045,0.945
Scotland,Panama,0.311061,0.276109,0.41283,0.2920998430159436,0.363348,0.2892967164516449,0.9972,1.2146
Scotland,Curaçao,0.386248,0.269299,0.344453,0.365445042523939,0.381513,0.4090439975261688,1.0618,0.9537
Scotland,Ecuador,0.33843,0.257336,0.404235,0.10952584973850041,0.344993,0.5451840758323669,0.4554,1.433
Scotland,Germany,0.352374,0.235961,0.411666,0.1662267879863999,0.271929,0.5849819779396057,0.88,1.8558
Scotland,Ivory Coast,0.392681,0.286276,0.321043,0.30711406636793254,0.289295,0.5495172142982483,0.881,0.96
Scotland,Czech Republic,0.407063,0.275613,0.317324,0.3785402796548775,0.461712,0.3923652470111847,1.1812,1.0538
Scotland,Mexico,0.422557,0.260135,0.317308,0.171812339841692,0.38936,0.6793931722640991,0.6556,1.3574
Scotland,South Africa,0.506942,0.251895,0.241163,0.41546897090995166,0.433987,0.6463683247566223,1.1879,0.9031
Scotland,South Korea,0.408155,0.252282,0.339563,0.192048397803335,0.324406,0.6709539890289307,0.755,1.4092
Scotland,France,0.261394,0.255636,0.48297,0.14250972229892261,0.206578,0.41253727674484253,0.675,1.6466
Scotland,Iraq,0.435606,0.276902,0.287492,0.3120625511777317,0.395143,0.5802706480026245,0.8741,0.9259
Scotland,Norway,0.40654,0.238563,0.354897,0.26216723513872714,0.223406,0.6776987314224243,1.0364,1.4442
Scotland,Senegal,0.293656,0.307198,0.399145,0.22504576939054385,0.218556,0.41355249285697937,0.7543,1.1891
Scotland,Japan,0.352358,0.240591,0.407051,0.11504165076028963,0.2752,0.6298177242279053,0.6018,1.7552
Scotland,Netherlands,0.287305,0.277403,0.435292,0.18227986709511132,0.286553,0.3849971890449524,0.8573,1.6792
Scotland,Sweden,0.367468,0.259065,0.373468,0.34232347110912775,0.478771,0.3070644438266754,1.2003,1.2502
Scotland,Tunisia,0.396082,0.29105,0.312868,0.295768281354506,0.363836,0.5130865573883057,0.8303,0.9349
Cape Verde,Algeria,0.337587,0.26861,0.393804,0.17098954503600425,0.19598,0.5980857014656067,0.6985,1.4538
Cape Verde,Argentina,0.311473,0.185701,0.502826,0.019626967459939904,0.205381,0.6611073017120361,0.262,2.6547
Cape Verde,Austria,0.377253,0.263273,0.359475,0.17545485249066262,0.33095,0.5986740589141846,0.6827,1.3866
Cape Verde,Jordan,0.240763,0.274868,0.484369,0.15994302720263934,0.360934,0.2251831442117691,0.6392,1.416
Cape Verde,Australia,0.201222,0.258597,0.540181,0.08793027633114897,0.266102,0.2572280168533325,0.4615,1.7129
Cape Verde,Paraguay,0.327238,0.255486,0.417275,0.08229780199688479,0.366894,0.5239503979682922,0.3913,1.5747
Cape Verde,Turkey,0.362522,0.233792,0.403686,0.172775454581568,0.20423,0.656968891620636,0.7703,1.5858
Cape Verde,United States,0.23313,0.224209,0.54266,0.08532369100226872,0.404495,0.24102109670639038,0.5355,1.9598
Cape Verde,Belgium,0.340195,0.225914,0.433891,0.09695029707603968,0.265914,0.6209732294082642,0.5738,1.9023
Cape Verde,Egypt,0.241067,0.306127,0.452806,0.16713955421347865,0.223881,0.3223509192466736,0.5335,1.1208
Cape Verde,Iran,0.282777,0.265232,0.451991,0.09904965477836335,0.268763,0.46321946382522583,0.5127,1.7132
Cape Verde,New Zealand,0.281987,0.232382,0.485631,0.06875094328664567,0.460767,0.3448123633861542,0.4798,2.0638
Cape Verde,Bosnia and Herzegovina,0.502383,0.249408,0.248209,0.3469828886020495,0.448261,0.6867719888687134,0.9987,0.9488
Cape Verde,Canada,0.268704,0.293863,0.437434,0.08204721491332014,0.360695,0.37217971682548523,0.474,1.8331
Cape Verde,Qatar,0.400453,0.260835,0.338712,0.23372859947910954,0.484438,0.4915132224559784,0.9129,1.4161
Cape Verde,Switzerland,0.276975,0.262642,0.460383,0.11249170474202878,0.251754,0.44804278016090393,0.5906,1.7564
Cape Verde,Brazil,0.233098,0.221101,0.545801,0.020940689142493172,0.290685,0.3860160708427429,0.2953,2.7461
Cape Verde,Haiti,0.389886,0.271296,0.338818,0.26090554105473324,0.323466,0.5590872764587402,0.9381,1.2938
Cape Verde,Morocco,0.273054,0.252744,0.474202,0.07777756688407542,0.123463,0.5660753846168518,0.3692,1.5663
Cape Verde,Scotland,0.288024,0.271591,0.440385,0.19727082624450715,0.310976,0.3546993136405945,0.727,1.3178
Cape Verde,Saudi Arabia,0.33528,0.286873,0.377847,0.16341984847501426,0.42056,0.4301174283027649,0.5406,1.1652
Cape Verde,Spain,0.24541,0.229305,0.525284,0.0430873926244143,0.102599,0.5398533344268799,0.4291,2.4581
Cape Verde,Uruguay,0.254272,0.233906,0.511822,0.04649716502725604,0.358483,0.3680936396121979,0.3312,2.0101
Cape Verde,Colombia,0.296429,0.207858,0.495713,0.032598916362387896,0.292375,0.5434616804122925,0.3617,2.533
Cape Verde,DR Congo,0.284202,0.322611,0.393187,0.20469323660379643,0.236448,0.39362409710884094,0.61,1.0336
Cape Verde,Portugal,0.305166,0.225095,0.469739,0.07167421248248533,0.250838,0.5619300603866577,0.5182,2.1266
Cape Verde,Uzbekistan,0.348053,0.270818,0.381129,0.1338586739150862,0.30776,0.5764216780662537,0.484,1.2699
Cape Verde,Croatia,0.228977,0.272593,0.49843,0.11237302169013363,0.251046,0.3202224671840668,0.5396,1.6288
Cape Verde,England,0.332152,0.204073,0.463776,0.05882992888922834,0.131666,0.7356026768684387,0.3838,1.9367
Cape Verde,Ghana,0.417589,0.278666,0.303744,0.22702803282021441,0.376203,0.6249240040779114,0.7308,1.1335
Cape Verde,Panama,0.247474,0.269219,0.483307,0.16041344156472723,0.304511,0.2851177155971527,0.6599,1.457
Cape Verde,Curaçao,0.286519,0.275739,0.437742,0.21658371335138676,0.322252,0.3243374228477478,0.7026,1.144
Cape Verde,Ecuador,0.303435,0.235198,0.461367,0.05426706149920985,0.286866,0.5463159084320068,0.3013,1.719
Cape Verde,Germany,0.306406,0.215596,0.477999,0.07643733143745685,0.219278,0.5845628380775452,0.5823,2.2261
Cape Verde,Ivory Coast,0.333573,0.28308,0.383347,0.17839093752269697,0.23497,0.551193118095398,0.5829,1.1516
Cape Verde,Czech Republic,0.335544,0.278809,0.385647,0.2210844352846884,0.404034,0.38991832733154297,0.7816,1.2641
Cape Verde,Mexico,0.355791,0.251706,0.392503,0.08809920731954447,0.330003,0.6227309107780457,0.4338,1.6283
Cape Verde,South Africa,0.437495,0.256702,0.305804,0.25291177790188596,0.375103,0.6550878882408142,0.786,1.0833
Cape Verde,South Korea,0.359378,0.235047,0.405576,0.09799473634536526,0.267399,0.670232892036438,0.4996,1.6904
Cape Verde,France,0.223016,0.233458,0.543526,0.06797966078208108,0.162195,0.41210490465164185,0.4467,1.9752
Cape Verde,Iraq,0.343247,0.285648,0.371104,0.18279397164301792,0.335747,0.49726930260658264,0.5784,1.1106
Cape Verde,Norway,0.349214,0.22576,0.425026,0.1360373313153719,0.176605,0.6760907173156738,0.6858,1.7323
Cape Verde,Senegal,0.245983,0.292482,0.461535,0.12157459443436047,0.172432,0.4163161814212799,0.4991,1.4263
Cape Verde,Japan,0.316344,0.218397,0.465259,0.05310782332266089,0.222216,0.6305271983146667,0.3982,2.1055
Cape Verde,Netherlands,0.241949,0.258638,0.499414,0.08752788400340412,0.232477,0.39187365770339966,0.5673,2.0142
Cape Verde,Sweden,0.299385,0.256245,0.44437,0.1900593814394097,0.422194,0.30818435549736023,0.7943,1.4996
Cape Verde,Tunisia,0.332575,0.292103,0.375322,0.17207451502054946,0.304985,0.5017417073249817,0.5494,1.1214
Saudi Arabia,Algeria,0.384838,0.288776,0.326386,0.3367136282363682,0.158982,0.5990963578224182,0.9333,0.9012
Saudi Arabia,Argentina,0.318162,0.230249,0.451589,0.06843049678669758,0.167154,0.6626074910163879,0.3502,1.6457
Saudi Arabia,Austria,0.41876,0.284357,0.296883,0.3391454293710062,0.281665,0.5954287052154541,0.9123,0.8596
Saudi Arabia,Jordan,0.278841,0.300711,0.420449,0.3157636513260861,0.310573,0.22084464132785797,0.8542,0.8778
Saudi Arabia,Australia,0.227911,0.297581,0.474507,0.20240202057758014,0.22125,0.25650832056999207,0.6166,1.0619
Saudi Arabia,Paraguay,0.342528,0.30231,0.355163,0.18413873462459487,0.316396,0.5086438059806824,0.5228,0.9761
Saudi Arabia,Turkey,0.412155,0.254772,0.333074,0.3489310923523707,0.166151,0.6555210947990417,1.0293,0.983
Saudi Arabia,United States,0.234066,0.260514,0.50542,0.20934147311617174,0.353728,0.16699253022670746,0.7155,1.2149
Saudi Arabia,Belgium,0.373637,0.262263,0.364101,0.23039577920543472,0.221079,0.6207670569419861,0.7667,1.1792
Saudi Arabia,Egypt,0.277558,0.325582,0.396859,0.3060081814938825,0.183392,0.3220245838165283,0.7129,0.6948
Saudi Arabia,Iran,0.313562,0.301056,0.385382,0.22451734536794177,0.223675,0.4634689390659332,0.685,1.062
Saudi Arabia,New Zealand,0.306154,0.274439,0.419407,0.17813639369734235,0.411602,0.3452867567539215,0.6411,1.2793
Saudi Arabia,Bosnia and Herzegovina,0.555393,0.238563,0.206044,0.5422988575229593,0.398526,0.6854048371315002,1.3345,0.5882
Saudi Arabia,Canada,0.292959,0.334488,0.372553,0.1963171715740622,0.31034,0.3692689538002014,0.6334,1.1363
Saudi Arabia,Qatar,0.453156,0.272431,0.274412,0.4311248708983105,0.436697,0.4859018623828888,1.2198,0.8778
Saudi Arabia,Switzerland,0.313363,0.295445,0.391192,0.25293050610988416,0.208258,0.4482477605342865,0.7892,1.0888
Saudi Arabia,Brazil,0.2376,0.266826,0.495575,0.0743942625295889,0.243821,0.38385435938835144,0.3946,1.7023
Saudi Arabia,Haiti,0.44468,0.274309,0.281012,0.4602048419206095,0.274547,0.5581949353218079,1.2535,0.802
Saudi Arabia,Morocco,0.300077,0.292175,0.407748,0.17465805650380828,0.097697,0.5681715607643127,0.4933,0.9709
Saudi Arabia,Scotland,0.334312,0.285831,0.379857,0.3685351836317136,0.262754,0.3564451336860657,0.9714,0.8169
Saudi Arabia,Cape Verde,0.428863,0.292487,0.27865,0.5050651300963686,0.31944,0.44063636660575867,1.1652,0.5406
Saudi Arabia,Spain,0.269504,0.274466,0.45603,0.13068177608500023,0.080618,0.5398533344268799,0.5733,1.5238
Saudi Arabia,Uruguay,0.266018,0.28153,0.452451,0.12437364263402657,0.308187,0.36531513929367065,0.4425,1.246
Saudi Arabia,Colombia,0.307167,0.254169,0.438664,0.10425249771888417,0.245388,0.5412521362304688,0.4833,1.5702
Saudi Arabia,DR Congo,0.324993,0.334137,0.34087,0.35708283227416654,0.194543,0.39336350560188293,0.8151,0.6407
Saudi Arabia,Portugal,0.333567,0.266259,0.400174,0.187427699543986,0.207433,0.5635170936584473,0.6924,1.3182
Saudi Arabia,Uzbekistan,0.379089,0.298239,0.322672,0.2615639563007504,0.259735,0.5774815082550049,0.6467,0.7872
Saudi Arabia,Croatia,0.262603,0.305769,0.431628,0.2453473336154497,0.20762,0.3198867440223694,0.7211,1.0097
Saudi Arabia,England,0.356052,0.249004,0.394944,0.15044819163142614,0.104478,0.7352761030197144,0.5128,1.2006
Saudi Arabia,Ghana,0.44001,0.292798,0.267193,0.3984841762626815,0.325542,0.5644461512565613,0.9766,0.7027
Saudi Arabia,Panama,0.288821,0.291966,0.419213,0.3194160327210711,0.256692,0.28467443585395813,0.8817,0.9032
Saudi Arabia,Curaçao,0.330792,0.286689,0.38252,0.3839772844499203,0.273396,0.32474491000175476,0.9388,0.7092
Saudi Arabia,Ecuador,0.317074,0.281409,0.401518,0.13170353798561008,0.240289,0.5462128520011902,0.4026,1.0656
Saudi Arabia,Germany,0.338539,0.255418,0.406043,0.2025241225751365,0.179332,0.5839856863021851,0.7781,1.38
Saudi Arabia,Ivory Coast,0.372978,0.300042,0.326979,0.32619700342787444,0.193226,0.5513443350791931,0.7789,0.7139
Saudi Arabia,Czech Republic,0.354513,0.289731,0.355756,0.400438683878242,0.353264,0.3129802644252777,1.0444,0.7836
Saudi Arabia,Mexico,0.379413,0.290978,0.329609,0.1984079632159168,0.280761,0.6209512948989868,0.5796,1.0093
Saudi Arabia,South Africa,0.450996,0.273764,0.27524,0.43122578824025243,0.324458,0.5643864870071411,1.0503,0.6715
Saudi Arabia,South Korea,0.389462,0.271239,0.3393,0.2212161845489072,0.222432,0.6705930829048157,0.6675,1.0479
Saudi Arabia,France,0.245752,0.277732,0.476516,0.17259132353795728,0.130051,0.4003710448741913,0.5969,1.2244
Saudi Arabia,Iraq,0.380202,0.302303,0.317495,0.3298992545928191,0.286247,0.49733859300613403,0.7729,0.6885
Saudi Arabia,Norway,0.400885,0.251248,0.347867,0.29519472377701844,0.142308,0.6929739117622375,0.9164,1.0739
Saudi Arabia,Senegal,0.282315,0.324812,0.392873,0.2500738906383134,0.138746,0.4200380742549896,0.6669,0.8842
Saudi Arabia,Japan,0.336037,0.263354,0.400609,0.1436237854349663,0.181922,0.6298125386238098,0.5321,1.3052
Saudi Arabia,Netherlands,0.274317,0.295632,0.430051,0.21664149502518076,0.191009,0.39026913046836853,0.758,1.2486
Saudi Arabia,Sweden,0.348011,0.27209,0.379899,0.3708092899622074,0.371667,0.3091471195220947,1.0613,0.9296
Saudi Arabia,Tunisia,0.368022,0.31163,0.320347,0.3139028622205213,0.257136,0.5014144778251648,0.7341,0.6952
Spain,Algeria,0.621423,0.234877,0.1437,0.6624935854754409,0.511467,0.6660856008529663,1.9689,0.7154
Spain,Argentina,0.484197,0.247313,0.26849,0.2022877804179021,0.521494,0.7168700098991394,0.7387,1.3063
Spain,Austria,0.649504,0.228192,0.122304,0.6617747126526183,0.617207,0.6624311804771423,1.9245,0.6823
Spain,Jordan,0.504009,0.265781,0.23021,0.6312258814231717,0.632992,0.2894175350666046,1.8019,0.6967
Spain,Australia,0.44589,0.280624,0.273486,0.4634955144016592,0.575132,0.33247050642967224,1.3007,0.8429
Spain,Paraguay,0.551651,0.275117,0.173233,0.42129861977028377,0.635908,0.6088700890541077,1.103,0.7748
Spain,Turkey,0.653071,0.203513,0.143416,0.6863713198060378,0.520296,0.7220703959465027,2.1715,0.7803
Spain,United States,0.447709,0.256442,0.295849,0.49039938310984704,0.652839,0.2540517747402191,1.5094,0.9643
Spain,Belgium,0.600832,0.232814,0.166353,0.5251548549701796,0.574991,0.6902402639389038,1.6174,0.936
Spain,Egypt,0.506976,0.27889,0.214135,0.5993944695693807,0.539722,0.3968954086303711,1.504,0.5515
Spain,Iran,0.537818,0.28064,0.181543,0.5037745579968681,0.577121,0.5397598147392273,1.4451,0.843
Spain,New Zealand,0.480614,0.266292,0.253095,0.4357891211628434,0.674231,0.3765425682067871,1.3525,1.0155
Spain,Bosnia and Herzegovina,0.752724,0.170081,0.077195,0.8513897053318824,0.669829,0.7237838506698608,2.8152,0.4669
Spain,Canada,0.501394,0.324831,0.173775,0.4587322562331603,0.632874,0.4420270323753357,1.3362,0.902
Spain,Qatar,0.652016,0.206869,0.141115,0.7728530802717515,0.682081,0.5176706314086914,2.5733,0.6968
Spain,Switzerland,0.547653,0.256525,0.195822,0.5550884360085788,0.563951,0.5285273194313049,1.6649,0.8642
Spain,Brazil,0.414341,0.291325,0.294334,0.22185940849394736,0.592567,0.4583899676799774,0.8325,1.3512
Spain,Haiti,0.690562,0.205011,0.104426,0.7958169197415612,0.61295,0.651557981967926,2.6443,0.6366
Spain,Morocco,0.491245,0.279243,0.229512,0.4024344784708198,0.410244,0.6342558264732361,1.0407,0.7707
Spain,Scotland,0.57267,0.232018,0.195312,0.6957749289932026,0.605531,0.4341256320476532,2.0492,0.6484
Spain,Cape Verde,0.658549,0.216863,0.124588,0.8165107122492511,0.637401,0.528361976146698,2.4581,0.4291
Spain,Saudi Arabia,0.562729,0.261728,0.175544,0.5982197042657882,0.659382,0.4572616219520569,1.5238,0.5733
Spain,Uruguay,0.46135,0.286909,0.251741,0.317803111605843,0.631773,0.4660084545612335,0.9336,0.9891
Spain,Colombia,0.498634,0.261586,0.239781,0.2925061802132962,0.593693,0.6178099513053894,1.0195,1.2464
Spain,DR Congo,0.553515,0.281768,0.164717,0.6643579452472914,0.551088,0.4528326988220215,1.7195,0.5086
Spain,Portugal,0.556393,0.245356,0.198251,0.4577747416138975,0.56321,0.6424696445465088,1.4607,1.0464
Spain,Uzbekistan,0.59764,0.262981,0.13938,0.5403244536905594,0.603555,0.6461975574493408,1.3643,0.6248
Spain,Croatia,0.489827,0.276328,0.233845,0.5348569311260788,0.563378,0.3929024934768677,1.5212,0.8014
Spain,England,0.539806,0.235989,0.224205,0.37172778674074036,0.424385,0.7819936275482178,1.0818,0.953
Spain,Ghana,0.673009,0.225479,0.101512,0.7212469282583934,0.640329,0.6529629230499268,2.0601,0.5578
Spain,Panama,0.526864,0.256436,0.216699,0.638853734168442,0.601529,0.3671797513961792,1.8601,0.7169
Spain,Curaçao,0.56709,0.233108,0.199802,0.7046099617797185,0.612246,0.4059750735759735,1.9804,0.5629
Spain,Ecuador,0.50904,0.279737,0.211224,0.32112775297377877,0.589989,0.6219757199287415,0.8494,0.8458
Spain,Germany,0.564925,0.234031,0.201043,0.4926602601729472,0.535361,0.6539759635925293,1.6415,1.0954
Spain,Ivory Coast,0.606898,0.241741,0.151361,0.6299672778060917,0.54979,0.628486156463623,1.6432,0.5666
Spain,Czech Republic,0.601227,0.222062,0.17671,0.7309516649051627,0.652646,0.44261398911476135,2.2033,0.622
Spain,Mexico,0.588587,0.266357,0.145056,0.4513112612223825,0.616675,0.6944258213043213,1.2228,0.8012
Spain,South Africa,0.685821,0.203984,0.110195,0.7550988626276917,0.639815,0.656330943107605,2.2156,0.533
Spain,South Korea,0.60978,0.240785,0.149435,0.49657826402397903,0.576105,0.7397779226303101,1.4082,0.8318
Spain,France,0.457014,0.26421,0.278776,0.4198027669953263,0.470313,0.4814300835132599,1.2591,0.9719
Spain,Iraq,0.614177,0.241968,0.143854,0.632625601975234,0.619866,0.592841386795044,1.6304,0.5465
Spain,Norway,0.621818,0.21253,0.165652,0.6201726434695909,0.488934,0.723215639591217,1.9332,0.8524
Spain,Senegal,0.505211,0.287284,0.207505,0.5308097966323091,0.483717,0.4976930320262909,1.4069,0.7018
Spain,Japan,0.537215,0.259013,0.203772,0.3653019058543584,0.538158,0.6954882144927979,1.1225,1.036
Spain,Netherlands,0.497029,0.285013,0.217958,0.5069649127853297,0.547579,0.44984742999076843,1.5991,0.9911
Spain,Sweden,0.546217,0.226604,0.227179,0.7090638577386941,0.660027,0.3100792467594147,2.2389,0.7379
Spain,Tunisia,0.601872,0.256202,0.141926,0.6108162345270131,0.601826,0.5936344265937805,1.5487,0.5518
Uruguay,Algeria,0.497379,0.259098,0.243523,0.6260396344909364,0.205083,0.5980857014656067,1.6101,0.5522
Uruguay,Argentina,0.378768,0.273299,0.347934,0.20676919929235138,0.214748,0.6611073017120361,0.604,1.0082
Uruguay,Austria,0.535584,0.251927,0.212489,0.6244194338687783,0.342376,0.5986461639404297,1.5737,0.5266
Uruguay,Jordan,0.419317,0.278128,0.302555,0.5953742609537777,0.372452,0.29172608256340027,1.4735,0.5378
Uruguay,Australia,0.325981,0.296782,0.377238,0.44126137749606015,0.276804,0.2563322186470032,1.0637,0.6506
Uruguay,Paraguay,0.471958,0.287816,0.240226,0.3997953792146551,0.378413,0.6090014576911926,0.9019,0.5981
Uruguay,Turkey,0.530334,0.222855,0.246812,0.6508468713483476,0.213566,0.656968891620636,1.7757,0.6023
Uruguay,United States,0.369187,0.261621,0.369193,0.4695974976095915,0.415878,0.2412344366312027,1.2343,0.7443
Uruguay,Belgium,0.482837,0.255657,0.261506,0.5013815395981353,0.276613,0.6206871271133423,1.3226,0.7225
Uruguay,Egypt,0.379764,0.298794,0.321443,0.5599293831573418,0.233723,0.32291486859321594,1.2298,0.4257
Uruguay,Iran,0.417093,0.295331,0.287576,0.47893119267875517,0.279509,0.4633146822452545,1.1817,0.6507
Uruguay,New Zealand,0.405664,0.281701,0.312635,0.41996903813691555,0.471509,0.3429456949234009,1.106,0.7838
Uruguay,Bosnia and Herzegovina,0.665918,0.186257,0.147825,0.8111919455088182,0.459191,0.6869490146636963,2.3021,0.3604
Uruguay,Canada,0.419209,0.330744,0.250046,0.43846060734688047,0.372213,0.4367285668849945,1.0927,0.6962
Uruguay,Qatar,0.576537,0.225633,0.197829,0.7345129711754339,0.494753,0.49191299080848694,2.1043,0.5378
Uruguay,Switzerland,0.423366,0.283393,0.293241,0.5276688752022306,0.262198,0.44804278016090393,1.3615,0.6671
Uruguay,Brazil,0.306842,0.306235,0.386923,0.2263446309974567,0.301746,0.3851155936717987,0.6807,1.0429
Uruguay,Haiti,0.564671,0.228343,0.206985,0.7565751658359089,0.334845,0.5599402189254761,2.1623,0.4914
Uruguay,Morocco,0.380029,0.299423,0.320547,0.3820573773664007,0.130002,0.5660753846168518,0.851,0.5949
Uruguay,Scotland,0.450222,0.251291,0.298487,0.6565937997604736,0.322256,0.3555532395839691,1.6757,0.5005
Uruguay,Cape Verde,0.569267,0.232061,0.198672,0.7726812172302266,0.381517,0.5222659111022949,2.0101,0.3312
Uruguay,Saudi Arabia,0.47555,0.28164,0.242809,0.5596252986116266,0.431813,0.43067240715026855,1.246,0.4425
Uruguay,Spain,0.352121,0.296496,0.351383,0.34734043941796977,0.108227,0.5398533344268799,0.9891,0.9336
Uruguay,Colombia,0.388429,0.28434,0.32723,0.29134230261839167,0.303458,0.542078971862793,0.8337,0.962
Uruguay,DR Congo,0.430976,0.298507,0.270517,0.6212314558458911,0.246578,0.39362409710884094,1.4061,0.3926
Uruguay,Portugal,0.435759,0.271374,0.292867,0.44114510782636185,0.261265,0.5619300603866577,1.1944,0.8076
Uruguay,Uzbekistan,0.47961,0.28107,0.23932,0.5063868960385932,0.31901,0.5755558609962463,1.1156,0.4823
Uruguay,Croatia,0.368237,0.294445,0.337318,0.5069243733977364,0.261477,0.3202224671840668,1.2439,0.6186
Uruguay,England,0.437712,0.263159,0.299129,0.3587388139274637,0.138542,0.7356026768684387,0.8846,0.7356
Uruguay,Ghana,0.576709,0.246776,0.176516,0.6790661824146597,0.387711,0.6241022348403931,1.6846,0.4305
Uruguay,Panama,0.403603,0.264942,0.331455,0.6032860069950187,0.315729,0.28498637676239014,1.5211,0.5534
Uruguay,Curaçao,0.443867,0.247405,0.308728,0.6627186712048708,0.333622,0.3243374228477478,1.6195,0.4345
Uruguay,Ecuador,0.394582,0.300219,0.305199,0.3084854941522392,0.297878,0.5468848943710327,0.6946,0.6529
Uruguay,Germany,0.446744,0.256908,0.296348,0.4746792354861205,0.229007,0.5845628380775452,1.3423,0.8455
Uruguay,Ivory Coast,0.478609,0.270588,0.250803,0.5899302059628486,0.245067,0.551193118095398,1.3437,0.4374
Uruguay,Czech Republic,0.501077,0.24885,0.250074,0.6906135135393429,0.415421,0.3901747763156891,1.8017,0.4801
Uruguay,Mexico,0.476551,0.290193,0.233256,0.4286445810737267,0.341423,0.622416079044342,0.9999,0.6184
Uruguay,South Africa,0.599098,0.215957,0.184945,0.7122969469811375,0.386613,0.6541178822517395,1.8118,0.4114
Uruguay,South Korea,0.491631,0.266019,0.24235,0.47187609137610215,0.278123,0.6703731417655945,1.1515,0.642
Uruguay,France,0.341382,0.284443,0.374175,0.40401557727181453,0.17022,0.41210490465164185,1.0296,0.7502
Uruguay,Iraq,0.487957,0.271381,0.240661,0.5917656910832307,0.347199,0.4977512061595917,1.3333,0.4218
Uruguay,Norway,0.508103,0.232567,0.25933,0.5889564345369134,0.185114,0.6760907173156738,1.5808,0.6579
Uruguay,Senegal,0.378432,0.310159,0.311409,0.5000573743842273,0.180804,0.4144934415817261,1.1505,0.5417
Uruguay,Japan,0.423449,0.280707,0.295844,0.35484203465531056,0.232018,0.6307756900787354,0.9179,0.7996
Uruguay,Netherlands,0.382349,0.293988,0.323663,0.48569532943474203,0.242519,0.39187365770339966,1.3077,0.765
Uruguay,Sweden,0.469173,0.237806,0.293022,0.6719779708122277,0.433433,0.3084835112094879,1.8309,0.5695
Uruguay,Tunisia,0.473541,0.282485,0.243973,0.570917880724968,0.316208,0.5017417073249817,1.2664,0.4259
Colombia,Algeria,0.541655,0.239076,0.219269,0.7035744414744542,0.263052,0.6013138890266418,2.029,0.603
Colombia,Argentina,0.405696,0.266019,0.328286,0.24199236408799632,0.274049,0.656032145023346,0.7612,1.101
Colombia,Austria,0.598216,0.22894,0.172844,0.7019185360971089,0.409448,0.6441919803619385,1.9831,0.5751
Colombia,Jordan,0.463775,0.26066,0.275565,0.6727180944937008,0.438913,0.2892332971096039,1.8568,0.5873
Colombia,Australia,0.367921,0.281786,0.350293,0.5097476201676658,0.342082,0.256181538105011,1.3404,0.7104
Colombia,Paraguay,0.510921,0.273669,0.215411,0.4641097561617212,0.44465,0.6040201187133789,1.1366,0.6531
Colombia,Turkey,0.573854,0.204779,0.221367,0.728227683045699,0.27271,0.657433032989502,2.2376,0.6577
Colombia,United States,0.412993,0.247458,0.339548,0.5407834381702429,0.479968,0.24447603523731232,1.5554,0.8128
Colombia,Belgium,0.527674,0.238269,0.234057,0.5750084110897918,0.341879,0.6235448122024536,1.6667,0.789
Colombia,Egypt,0.423768,0.279302,0.29693,0.6366401323740467,0.295318,0.3234509825706482,1.5498,0.4648
Colombia,Iran,0.46097,0.279362,0.259668,0.5507257252457972,0.34495,0.4651673138141632,1.4892,0.7106
Colombia,New Zealand,0.444497,0.271143,0.284359,0.4863875780870442,0.530149,0.34138187766075134,1.3937,0.8559
Colombia,Bosnia and Herzegovina,0.700008,0.175345,0.124647,0.8741264177539408,0.519262,0.6748350262641907,2.901,0.3935
Colombia,Canada,0.462356,0.316038,0.221606,0.506676595046875,0.438682,0.4391629993915558,1.377,0.7603
Colombia,Qatar,0.616584,0.210646,0.17277,0.8072865066396885,0.550359,0.49000033736228943,2.6517,0.5873
Colombia,Switzerland,0.468245,0.264541,0.267214,0.6028082493683312,0.326459,0.450370728969574,1.7157,0.7285
Colombia,Brazil,0.339499,0.296158,0.364343,0.2649735147385194,0.36823,0.38682442903518677,0.8578,1.1389
Colombia,Haiti,0.640237,0.196731,0.163032,0.8270746804717334,0.401933,0.6465631127357483,2.7249,0.5366
Colombia,Morocco,0.413576,0.286068,0.300356,0.4443710638031953,0.173638,0.5654371380805969,1.0724,0.6496
Colombia,Scotland,0.525918,0.227028,0.247055,0.733591898334901,0.389245,0.43658795952796936,2.1116,0.5466
Colombia,Cape Verde,0.611287,0.213025,0.175688,0.8412371400248801,0.447625,0.5216406583786011,2.533,0.3617
Colombia,Saudi Arabia,0.520009,0.260019,0.219972,0.6362539367623472,0.494612,0.4315964877605438,1.5702,0.4833
Colombia,Spain,0.382064,0.286095,0.331842,0.40503941691906203,0.146307,0.5380123257637024,1.2464,1.0195
Colombia,Uruguay,0.411905,0.292278,0.295817,0.36150426207928116,0.436542,0.4399978816509247,0.962,0.8337
Colombia,DR Congo,0.47561,0.27795,0.24644,0.6988965677966786,0.309491,0.39397385716438293,1.7719,0.4287
Colombia,Portugal,0.476991,0.256201,0.266808,0.5098519751726552,0.325453,0.5604972243309021,1.5052,0.882
Colombia,Uzbekistan,0.553007,0.25245,0.194544,0.5803695535330443,0.385948,0.6532638669013977,1.4059,0.5267
Colombia,Croatia,0.411642,0.274633,0.313725,0.5807231667642109,0.325681,0.31988728046417236,1.5675,0.6755
Colombia,England,0.467374,0.25117,0.281456,0.4177993893059775,0.184179,0.7260707020759583,1.1147,0.8032
Colombia,Ghana,0.622456,0.226226,0.151318,0.7552572093713019,0.453534,0.626607358455658,2.1229,0.4701
Colombia,Panama,0.48152,0.243622,0.274858,0.6807484408131133,0.382604,0.3716214895248413,1.9168,0.6043
Colombia,Curaçao,0.520137,0.223057,0.256806,0.7395233576433299,0.400708,0.4070156216621399,2.0408,0.4745
Colombia,Ecuador,0.434043,0.285232,0.280725,0.360965736690349,0.364218,0.5541039705276489,0.8752,0.7129
Colombia,Germany,0.489497,0.242431,0.268072,0.5466903118398556,0.290072,0.586495041847229,1.6915,0.9233
Colombia,Ivory Coast,0.521347,0.25142,0.227234,0.6672915935523475,0.307835,0.5468558073043823,1.6933,0.4776
Colombia,Czech Republic,0.545919,0.227131,0.22695,0.7662794338586875,0.479545,0.3920188248157501,2.2705,0.5243
Colombia,Mexico,0.539425,0.265349,0.195227,0.4959358591931207,0.4085,0.6780465245246887,1.2601,0.6753
Colombia,South Africa,0.641356,0.197408,0.161235,0.7866158911610451,0.452489,0.6489765644073486,2.2832,0.4493
Colombia,South Korea,0.536264,0.248348,0.215388,0.543095498152394,0.343481,0.6748426556587219,1.4511,0.7011
Colombia,France,0.377904,0.271821,0.350275,0.4686035265554369,0.222432,0.41088080406188965,1.2975,0.8192
Colombia,Iraq,0.564373,0.240018,0.195609,0.66920495022413,0.414231,0.5802727937698364,1.6801,0.4606
Colombia,Norway,0.550702,0.215658,0.23364,0.6664704555732017,0.239971,0.6771872043609619,1.9921,0.7185
Colombia,Senegal,0.41875,0.294006,0.287244,0.5734551231769881,0.234925,0.41384559869766235,1.4498,0.5916
Colombia,Japan,0.461617,0.268274,0.27011,0.41336405963294104,0.293424,0.63265460729599,1.1567,0.8732
Colombia,Netherlands,0.422868,0.278936,0.298196,0.558285193056417,0.305036,0.386199951171875,1.6479,0.8354
Colombia,Sweden,0.512997,0.21762,0.269383,0.7486587299279546,0.496087,0.3077709972858429,2.3072,0.622
Colombia,Tunisia,0.54976,0.251544,0.198697,0.6479384460689025,0.383093,0.5842334032058716,1.5959,0.4651
DR Congo,Algeria,0.411555,0.285235,0.30321,0.2786008700622568,0.321257,0.6023765802383423,0.8279,1.017
DR Congo,Argentina,0.357746,0.218636,0.423618,0.0495560236649893,0.332989,0.6613637208938599,0.3106,1.857
DR Congo,Austria,0.47234,0.2752,0.252459,0.2817670611890357,0.468245,0.6516581773757935,0.8093,0.97
DR Congo,Jordan,0.33777,0.302566,0.359665,0.2608956979772969,0.495596,0.2902383804321289,0.7577,0.9905
DR Congo,Australia,0.289751,0.291258,0.418991,0.16107388896521616,0.402998,0.32363396883010864,0.547,1.1983
DR Congo,Paraguay,0.417693,0.277143,0.305164,0.14736703274375815,0.500842,0.605191171169281,0.4638,1.1015
DR Congo,Turkey,0.438093,0.252502,0.309404,0.2872937772477261,0.331567,0.6576164364814758,0.9131,1.1093
DR Congo,United States,0.297413,0.259197,0.44339,0.1643121415972018,0.532576,0.2437540590763092,0.6347,1.371
DR Congo,Belgium,0.431401,0.247082,0.321517,0.18223807488446855,0.402796,0.6833232045173645,0.6801,1.3307
DR Congo,Egypt,0.309692,0.325217,0.365091,0.2568616091657229,0.355343,0.3242383897304535,0.6324,0.784
DR Congo,Iran,0.378944,0.28639,0.334666,0.17940429581881684,0.405856,0.5432482957839966,0.6077,1.1984
DR Congo,New Zealand,0.338138,0.271604,0.390258,0.13801812465498392,0.576072,0.34437406063079834,0.5687,1.4437
DR Congo,Bosnia and Herzegovina,0.573527,0.257727,0.168746,0.4759783314699462,0.566789,0.6688033938407898,1.1838,0.6637
DR Congo,Canada,0.359921,0.319198,0.320881,0.15488089586201242,0.495385,0.4477241337299347,0.5619,1.2823
DR Congo,Qatar,0.475695,0.273715,0.25059,0.36332580791266433,0.593085,0.4913812279701233,1.0821,0.9906
DR Congo,Switzerland,0.375269,0.279622,0.345109,0.20266623747389587,0.387301,0.5258451104164124,0.7001,1.2286
DR Congo,Brazil,0.314512,0.244954,0.440534,0.05364139706020866,0.428785,0.4698728024959564,0.3501,1.9209
DR Congo,Haiti,0.506948,0.265152,0.2279,0.3921010303654728,0.461156,0.6475741267204285,1.1119,0.905
DR Congo,Morocco,0.320914,0.289191,0.389895,0.1396290527703194,0.221236,0.5634817481040955,0.4376,1.0957
DR Congo,Scotland,0.395092,0.282258,0.32265,0.30882635380765805,0.449081,0.4342899024486542,0.8617,0.9219
DR Congo,Cape Verde,0.49061,0.289977,0.219413,0.4423519323924073,0.503552,0.5255113244056702,1.0336,0.61
DR Congo,Saudi Arabia,0.401909,0.305985,0.292106,0.2538674103271265,0.545457,0.43092355132102966,0.6407,0.8151
DR Congo,Spain,0.282537,0.266848,0.450615,0.09765695453196784,0.188912,0.523881196975708,0.5086,1.7195
DR Congo,Uruguay,0.336268,0.269589,0.394143,0.09557017807961483,0.493422,0.4407435357570648,0.3926,1.4061
DR Congo,Colombia,0.376656,0.233544,0.389799,0.076964183583322,0.430509,0.6133306622505188,0.4287,1.7719
DR Congo,Portugal,0.397457,0.245514,0.357029,0.14495771686793232,0.386283,0.6393623948097229,0.6142,1.4876
DR Congo,Uzbekistan,0.444224,0.285249,0.270527,0.21613621951447992,0.445922,0.6538811326026917,0.5737,0.8883
DR Congo,Croatia,0.323745,0.295463,0.380792,0.19780238747934376,0.386514,0.39303794503211975,0.6397,1.1394
DR Congo,England,0.37893,0.237982,0.383088,0.11682222110418251,0.233475,0.7306492328643799,0.4549,1.3548
DR Congo,Ghana,0.495446,0.289377,0.215178,0.3388508983438993,0.508915,0.6301388740539551,0.8663,0.7929
DR Congo,Panama,0.35412,0.286354,0.359526,0.26346552645320725,0.442708,0.3713732957839966,0.7822,1.0192
DR Congo,Curaçao,0.393574,0.283537,0.32289,0.3256062279716352,0.459995,0.4065059423446655,0.8328,0.8003
DR Congo,Ecuador,0.387585,0.262997,0.349418,0.10340147300841053,0.424867,0.6223738193511963,0.3572,1.2025
DR Congo,Germany,0.37126,0.247222,0.381518,0.15624623150075628,0.34987,0.5861784815788269,0.6902,1.5572
DR Congo,Ivory Coast,0.40726,0.297644,0.295096,0.2741074536973983,0.368297,0.5596828460693359,0.691,0.8056
DR Congo,Czech Republic,0.413933,0.287183,0.298883,0.3382756155791859,0.532201,0.3950097858905792,0.9265,0.8842
DR Congo,Mexico,0.441502,0.272598,0.285899,0.15863149619377065,0.467353,0.683667778968811,0.5142,1.139
DR Congo,South Africa,0.514416,0.265552,0.220031,0.36951981312476656,0.507968,0.6532613635063171,0.9317,0.7578
DR Congo,South Korea,0.453122,0.249309,0.297569,0.17690585059832584,0.404394,0.7451867461204529,0.5921,1.1825
DR Congo,France,0.277133,0.266949,0.455918,0.13430522163948883,0.276867,0.40941697359085083,0.5295,1.3817
DR Congo,Iraq,0.446238,0.290996,0.262765,0.2780376630948092,0.472732,0.5818753838539124,0.6856,0.7769
DR Congo,Norway,0.417721,0.250735,0.331543,0.23875588520505187,0.296242,0.6745308637619019,0.8129,1.2118
DR Congo,Senegal,0.306542,0.320588,0.37287,0.2042772818465078,0.2907,0.4130218029022217,0.5916,0.9978
DR Congo,Japan,0.3734,0.25337,0.37323,0.11013616553752224,0.353371,0.6319173574447632,0.472,1.4728
DR Congo,Netherlands,0.307606,0.28367,0.408724,0.1697523920822778,0.365414,0.3916417062282562,0.6724,1.409
DR Congo,Sweden,0.375154,0.272271,0.352575,0.3078855543487576,0.546747,0.30839383602142334,0.9415,1.049
DR Congo,Tunisia,0.434088,0.29967,0.266242,0.26377693426009663,0.443178,0.5847575068473816,0.6512,0.7845
Portugal,Algeria,0.504927,0.256572,0.2385,0.5645576296749095,0.305349,0.599786639213562,1.7034,0.8639
Portugal,Argentina,0.383275,0.242602,0.374123,0.1412726036179167,0.31694,0.6569324135780334,0.639,1.5775
Portugal,Austria,0.566257,0.244229,0.189513,0.565449368482598,0.452931,0.6521815657615662,1.6649,0.824
Portugal,Jordan,0.427619,0.276755,0.295626,0.5342460588621032,0.480971,0.2889118790626526,1.5589,0.8414
Portugal,Australia,0.358254,0.287466,0.35428,0.37016731863991115,0.386781,0.3257948160171509,1.1253,1.0179
Portugal,Paraguay,0.478451,0.275087,0.246461,0.335808858666729,0.48637,0.6044137477874756,0.9542,0.9357
Portugal,Turkey,0.53694,0.222533,0.240527,0.5858302351034328,0.315533,0.658138632774353,1.8786,0.9423
Portugal,United States,0.371835,0.255344,0.372821,0.389173643344371,0.519177,0.24505749344825745,1.3058,1.1646
Portugal,Belgium,0.509965,0.240229,0.249807,0.42201841281226693,0.386578,0.6840338706970215,1.3993,1.1304
Portugal,Egypt,0.392194,0.295245,0.312561,0.5106139721007574,0.339114,0.3225766718387604,1.3011,0.666
Portugal,Iran,0.453173,0.278534,0.268293,0.4064679411453762,0.389657,0.5441033840179443,1.2502,1.0181
Portugal,New Zealand,0.403637,0.275106,0.321257,0.3387604667431791,0.564558,0.34268367290496826,1.1701,1.2264
Portugal,Bosnia and Herzegovina,0.676049,0.198955,0.124996,0.7823998501076685,0.554832,0.6688033938407898,2.4355,0.5638
Portugal,Canada,0.426447,0.318621,0.254932,0.36344598498110564,0.480754,0.44389304518699646,1.156,1.0893
Portugal,Qatar,0.582778,0.231294,0.185928,0.6819824354630539,0.582438,0.49129030108451843,2.2262,0.8415
Portugal,Switzerland,0.456223,0.266527,0.27725,0.45300104904398014,0.371021,0.5232409834861755,1.4404,1.0437
Portugal,Brazil,0.345102,0.267468,0.38743,0.15497591489374338,0.412802,0.4700452387332916,0.7202,1.6318
Portugal,Haiti,0.612315,0.217827,0.169858,0.7103907542003728,0.445694,0.6468498706817627,2.2877,0.7688
Portugal,Morocco,0.379316,0.288281,0.332403,0.3195504216914774,0.207823,0.5634817481040955,0.9003,0.9307
Portugal,Scotland,0.491941,0.245957,0.262102,0.6018393341972705,0.433395,0.43431204557418823,1.7728,0.7831
Portugal,Cape Verde,0.58951,0.23209,0.178399,0.7435291637508622,0.489162,0.5224983096122742,2.1266,0.5182
Portugal,Saudi Arabia,0.487074,0.275861,0.237065,0.508308070399016,0.532567,0.4332454800605774,1.3182,0.6924
Portugal,Spain,0.335932,0.281431,0.382638,0.2620355363426346,0.17679,0.523881196975708,1.0464,1.4607
Portugal,Uruguay,0.382091,0.281867,0.336042,0.24012303049247333,0.478735,0.4407435357570648,0.8076,1.1944
Portugal,Colombia,0.419013,0.251961,0.329026,0.21205972073162532,0.414547,0.6137584447860718,0.882,1.5052
Portugal,DR Congo,0.445576,0.297002,0.257422,0.5770884788894852,0.353717,0.39299777150154114,1.4876,0.6142
Portugal,Uzbekistan,0.519619,0.265078,0.215302,0.4505481766583283,0.430182,0.6507169604301453,1.1803,0.7546
Portugal,Croatia,0.399961,0.28344,0.316599,0.43694463909785153,0.370232,0.388104110956192,1.316,0.9679
Portugal,England,0.432527,0.246567,0.320907,0.2861897037690077,0.219634,0.7278683185577393,0.9359,1.1509
Portugal,Ghana,0.592576,0.245997,0.161427,0.6329681566436578,0.494692,0.628791093826294,1.7823,0.6736
Portugal,Panama,0.444497,0.260338,0.295165,0.5408105218498651,0.426918,0.3686406910419464,1.6092,0.8658
Portugal,Curaçao,0.489692,0.242406,0.267902,0.6153257803341862,0.44451,0.40746667981147766,1.7133,0.6798
Portugal,Ecuador,0.43391,0.270184,0.295907,0.24770142641030182,0.408838,0.6249567270278931,0.7348,1.0215
Portugal,Germany,0.446051,0.24802,0.305929,0.3859615329798661,0.333674,0.5860853791236877,1.4201,1.3228
Portugal,Ivory Coast,0.491412,0.266366,0.242222,0.53967188644796,0.352018,0.5515508055686951,1.4216,0.6843
Portugal,Czech Republic,0.514252,0.245779,0.239969,0.6400039627350743,0.518788,0.3945491909980774,1.9061,0.7511
Portugal,Mexico,0.507031,0.268369,0.2246,0.3611229309945726,0.45202,0.6833107471466064,1.0579,0.9676
Portugal,South Africa,0.613673,0.217545,0.168781,0.6702915880967196,0.493716,0.6514736413955688,1.9168,0.6437
Portugal,South Korea,0.526334,0.241627,0.232039,0.4004154790800232,0.388185,0.7466145753860474,1.2182,1.0045
Portugal,France,0.340016,0.271933,0.388051,0.3265561861558106,0.261783,0.41126468777656555,1.0893,1.1737
Portugal,Iraq,0.53409,0.256795,0.209115,0.5433761957460183,0.457519,0.5830540657043457,1.4105,0.66
Portugal,Norway,0.509252,0.231058,0.259689,0.5159970452822322,0.280742,0.6747647523880005,1.6725,1.0294
Portugal,Senegal,0.382994,0.304644,0.312361,0.437867843571605,0.27531,0.41318458318710327,1.2172,0.8476
Portugal,Japan,0.426299,0.263825,0.309875,0.2778453447520658,0.337153,0.6305906176567078,0.9711,1.2511
Portugal,Netherlands,0.383512,0.284782,0.331706,0.40306430626561,0.349142,0.39126282930374146,1.3834,1.1969
Portugal,Sweden,0.475851,0.236625,0.287524,0.6113721930762871,0.53391,0.30688637495040894,1.937,0.8911
Portugal,Tunisia,0.51776,0.267996,0.214243,0.5216926892084807,0.427395,0.5820431113243103,1.3398,0.6664
Uzbekistan,Algeria,0.427826,0.287102,0.285072,0.38587655284486816,0.248617,0.6013138890266418,1.0172,0.8069
Uzbekistan,Argentina,0.350056,0.24295,0.406994,0.08743694593395476,0.259338,0.6611073017120361,0.3816,1.4735
Uzbekistan,Austria,0.484849,0.278006,0.237144,0.38752798670287975,0.393609,0.6434268355369568,0.9942,0.7696
Uzbekistan,Jordan,0.351384,0.306155,0.34246,0.36246795359098305,0.423394,0.2870112955570221,0.9309,0.7859
Uzbekistan,Australia,0.270178,0.303055,0.426767,0.23954927614676882,0.326276,0.25633886456489563,0.672,0.9507
Uzbekistan,Paraguay,0.420947,0.291879,0.287174,0.21718156514284406,0.429217,0.6031696796417236,0.5698,0.874
Uzbekistan,Turkey,0.45662,0.253359,0.290021,0.4010620224145084,0.258032,0.6572586894035339,1.1218,0.8802
Uzbekistan,United States,0.308635,0.269323,0.422042,0.25015316339216975,0.465241,0.24501192569732666,0.7798,1.0878
Uzbekistan,Belgium,0.418923,0.265266,0.31581,0.273560020072398,0.326075,0.6231387853622437,0.8356,1.0558
Uzbekistan,Egypt,0.319376,0.326291,0.354333,0.34743777939869475,0.280152,0.3229065537452698,0.777,0.6221
Uzbekistan,Iran,0.357567,0.305849,0.336583,0.2647241064851405,0.329122,0.46480709314346313,0.7466,0.9509
Uzbekistan,New Zealand,0.347457,0.283763,0.36878,0.21515586149169708,0.516943,0.34242168068885803,0.6987,1.1455
Uzbekistan,Bosnia and Herzegovina,0.599513,0.237993,0.162494,0.593553182723768,0.505674,0.6755537390708923,1.4544,0.5266
Uzbekistan,Canada,0.36183,0.337494,0.300677,0.23386350042258158,0.42316,0.4340745210647583,0.6903,1.0174
Uzbekistan,Qatar,0.502223,0.2673,0.230477,0.4864099294024996,0.53794,0.49000033736228943,1.3294,0.786
Uzbekistan,Switzerland,0.35713,0.298722,0.344148,0.2973177762804959,0.310812,0.4472563564777374,0.8601,0.9749
Uzbekistan,Brazil,0.275851,0.276149,0.448,0.09531512769094246,0.352286,0.3853577673435211,0.4301,1.5242
Uzbekistan,Haiti,0.52937,0.254912,0.215718,0.5149537901765968,0.386045,0.6504256129264832,1.3661,0.7181
Uzbekistan,Morocco,0.328145,0.301744,0.370111,0.20622810094666733,0.162439,0.5654371380805969,0.5376,0.8693
Uzbekistan,Scotland,0.413232,0.27898,0.307787,0.4182364558242943,0.373305,0.4386143386363983,1.0586,0.7314
Uzbekistan,Cape Verde,0.506791,0.278055,0.215155,0.5541135234645075,0.43224,0.5190597176551819,1.2699,0.484
Uzbekistan,Saudi Arabia,0.414948,0.307032,0.27802,0.3452261722752888,0.480265,0.430332213640213,0.7872,0.6467
Uzbekistan,Spain,0.295463,0.284296,0.420241,0.16242591479085902,0.136445,0.5380123257637024,0.6248,1.3643
Uzbekistan,Uruguay,0.334526,0.29063,0.374844,0.151523256672361,0.42099,0.43877795338630676,0.4823,1.1156
Uzbekistan,Colombia,0.346955,0.264497,0.388548,0.13096232518489903,0.354052,0.5413668155670166,0.5267,1.4059
Uzbekistan,DR Congo,0.369,0.332149,0.298851,0.4013722267975518,0.294078,0.3953743875026703,0.8883,0.5737
Uzbekistan,Portugal,0.373884,0.273481,0.352635,0.22656249437224732,0.309818,0.5582774877548218,0.7546,1.1803
Uzbekistan,Croatia,0.304889,0.308344,0.386767,0.2872320851698541,0.310043,0.31734418869018555,0.7858,0.904
Uzbekistan,England,0.383007,0.257177,0.359816,0.1816604639037505,0.172507,0.7274228930473328,0.5588,1.0749
Uzbekistan,Ghana,0.511353,0.2837,0.204948,0.44729155859843905,0.438251,0.6255388259887695,1.0643,0.6291
Uzbekistan,Panama,0.337478,0.289893,0.372628,0.36705393363968003,0.366652,0.2882000207901001,0.9609,0.8087
Uzbekistan,Curaçao,0.410039,0.278847,0.311114,0.4320060571765408,0.384813,0.40868446230888367,1.0231,0.635
Uzbekistan,Ecuador,0.356054,0.290883,0.353063,0.15785591595518542,0.348285,0.5451840758323669,0.4388,0.9541
Uzbekistan,Germany,0.380474,0.261562,0.357964,0.24504786037293064,0.275009,0.5849819779396057,0.848,1.2356
Uzbekistan,Ivory Coast,0.415259,0.300204,0.284537,0.3698928270240715,0.292449,0.5495172142982483,0.8489,0.6392
Uzbekistan,Czech Republic,0.433152,0.283309,0.283539,0.45150394739439376,0.464807,0.3923879563808441,1.1382,0.7016
Uzbekistan,Mexico,0.443349,0.286349,0.270302,0.23406492569777804,0.392654,0.6749952435493469,0.6317,0.9037
Uzbekistan,South Africa,0.530588,0.258334,0.211078,0.4810771271848442,0.437187,0.6465747952461243,1.1446,0.6013
Uzbekistan,South Korea,0.433422,0.275453,0.291125,0.2607166501548534,0.327664,0.6726260185241699,0.7275,0.9382
Uzbekistan,France,0.284725,0.284425,0.43085,0.20786114266170064,0.209248,0.41253727674484253,0.6505,1.0963
Uzbekistan,Iraq,0.45773,0.290507,0.251762,0.3732711266319461,0.39843,0.5804067254066467,0.8423,0.6164
Uzbekistan,Norway,0.43566,0.255562,0.308778,0.3441711509563148,0.226202,0.6776987314224243,0.9987,0.9615
Uzbekistan,Senegal,0.316868,0.32812,0.355012,0.28997891239021634,0.221317,0.41355249285697937,0.7268,0.7917
Uzbekistan,Japan,0.373969,0.27223,0.353801,0.17507042860382532,0.278295,0.6298177242279053,0.5799,1.1686
Uzbekistan,Netherlands,0.31534,0.302226,0.382434,0.25910205052528623,0.289696,0.3866228461265564,0.8261,1.118
Uzbekistan,Sweden,0.396344,0.269798,0.333858,0.42344663595101323,0.481782,0.3070644438266754,1.1566,0.8323
Uzbekistan,Tunisia,0.417724,0.30522,0.277057,0.3560556716110126,0.367141,0.5127711892127991,0.8,0.6224
Croatia,Algeria,0.465399,0.272743,0.261858,0.4503425071695044,0.305125,0.599786639213562,1.3047,0.8997
Croatia,Argentina,0.368806,0.236719,0.394475,0.09958426677174163,0.316713,0.6569324135780334,0.4895,1.6429
Croatia,Austria,0.527083,0.26079,0.212127,0.4522551455177029,0.452711,0.6521815657615662,1.2752,0.8581
Croatia,Jordan,0.389407,0.291943,0.318651,0.42382881865432864,0.48076,0.2889118790626526,1.194,0.8763
Croatia,Australia,0.327381,0.29382,0.378798,0.281008086290963,0.38655,0.3257948160171509,0.8619,1.06
Croatia,Paraguay,0.450477,0.280634,0.268889,0.2550196293905244,0.486161,0.6044137477874756,0.7309,0.9745
Croatia,Turkey,0.49599,0.238866,0.265144,0.4675007930583416,0.315307,0.658138632774353,1.4389,0.9813
Croatia,United States,0.338648,0.261426,0.399926,0.2932864380534005,0.518983,0.24505749344825745,1.0002,1.2128
Croatia,Belgium,0.474929,0.248085,0.276986,0.32081198847905906,0.386347,0.6840338706970215,1.0717,1.1772
Croatia,Egypt,0.35652,0.311392,0.332088,0.40755733908332614,0.338884,0.3225766718387604,0.9965,0.6936
Croatia,Iran,0.419964,0.286554,0.293482,0.3105486655971854,0.389426,0.5441033840179443,0.9576,1.0602
Croatia,New Zealand,0.373568,0.278432,0.348,0.2518760254923503,0.56439,0.34268367290496826,0.8962,1.2772
Croatia,Bosnia and Herzegovina,0.638742,0.222257,0.139,0.6745751078336869,0.554658,0.6688033938407898,1.8654,0.5872
Croatia,Canada,0.395534,0.324078,0.280388,0.27415284917895927,0.480543,0.44389304518699646,0.8854,1.1344
Croatia,Qatar,0.541212,0.251392,0.207396,0.5618142121685737,0.582283,0.49129030108451843,1.7051,0.8763
Croatia,Switzerland,0.420078,0.276465,0.303456,0.3485838908743133,0.370789,0.5232409834861755,1.1032,1.0869
Croatia,Brazil,0.329097,0.261701,0.409202,0.10884240335930385,0.412573,0.4700452387332916,0.5516,1.6994
Croatia,Haiti,0.571504,0.239052,0.189445,0.5924596514748509,0.445472,0.6468498706817627,1.7522,0.8007
Croatia,Morocco,0.35252,0.293148,0.354332,0.2421535467734916,0.207636,0.5634817481040955,0.6896,0.9693
Croatia,Scotland,0.452115,0.26419,0.283696,0.4867624644191605,0.43317,0.43431204557418823,1.3578,0.8155
Croatia,Cape Verde,0.551668,0.255811,0.192521,0.6341796016275878,0.488954,0.5224983096122742,1.6288,0.5396
Croatia,Saudi Arabia,0.451275,0.291594,0.257131,0.4048535639517304,0.53238,0.4332454800605774,1.0097,0.7211
Croatia,Spain,0.310649,0.280032,0.409319,0.18900273307744536,0.176622,0.523881196975708,0.8014,1.5212
Croatia,Uruguay,0.360009,0.281161,0.35883,0.17638728437613535,0.478523,0.4407435357570648,0.6186,1.2439
Croatia,Colombia,0.397985,0.248437,0.353578,0.15138755911396806,0.414319,0.6137584447860718,0.6755,1.5675
Croatia,DR Congo,0.408055,0.316199,0.275746,0.46868559859105513,0.353486,0.39299777150154114,1.1394,0.6397
Croatia,Portugal,0.413506,0.256562,0.329933,0.26540038875731586,0.369768,0.5833445191383362,0.9679,1.316
Croatia,Uzbekistan,0.485989,0.277682,0.236329,0.35340316488248,0.429957,0.6507169604301453,0.904,0.7858
Croatia,England,0.406929,0.248088,0.344983,0.21226521387881236,0.219441,0.7278683185577393,0.7168,1.1985
Croatia,Ghana,0.553207,0.266244,0.180549,0.519200748920592,0.494487,0.628791093826294,1.3651,0.7015
Croatia,Panama,0.4058,0.275564,0.318635,0.42900264930572457,0.426692,0.3686406910419464,1.2325,0.9017
Croatia,Curaçao,0.450586,0.262074,0.28734,0.5023319835988022,0.444288,0.40746667981147766,1.3123,0.708
Croatia,Ecuador,0.412034,0.271119,0.316848,0.18457661632650046,0.408609,0.6249567270278931,0.5628,1.0638
Croatia,Germany,0.411921,0.252917,0.335162,0.28737053852894034,0.333445,0.5860853791236877,1.0877,1.3776
Croatia,Ivory Coast,0.453879,0.284026,0.262096,0.43287637706536297,0.351787,0.5500343441963196,1.0888,0.7126
Croatia,Czech Republic,0.473991,0.265491,0.260518,0.5236423341863731,0.518594,0.3945491909980774,1.4599,0.7823
Croatia,Mexico,0.477117,0.27476,0.248124,0.2747282765699076,0.4518,0.6833107471466064,0.8102,1.0076
Croatia,South Africa,0.573921,0.239345,0.186734,0.5561456058185789,0.49351,0.6507968902587891,1.4681,0.6704
Croatia,South Korea,0.493605,0.249484,0.256911,0.3058833880509619,0.387954,0.7466145753860474,0.9331,1.0461
Croatia,France,0.311182,0.275071,0.413747,0.24327994335303005,0.261571,0.41126468777656555,0.8343,1.2223
Croatia,Iraq,0.497219,0.274259,0.228522,0.43684635514993636,0.4573,0.5830540657043457,1.0804,0.6873
Croatia,Norway,0.470082,0.243904,0.286014,0.40281216307545975,0.280524,0.6747647523880005,1.281,1.0721
Croatia,Senegal,0.349292,0.315675,0.335032,0.34050767384004005,0.275094,0.41318458318710327,0.9323,0.8827
Croatia,Japan,0.400798,0.264292,0.33491,0.2042301623479121,0.336923,0.6305906176567078,0.7438,1.303
Croatia,Netherlands,0.349162,0.291286,0.359552,0.30384074156557567,0.348911,0.39126282930374146,1.0596,1.2465
Croatia,Sweden,0.434741,0.254268,0.310991,0.49254767892957885,0.533723,0.30688637495040894,1.4836,0.928
Croatia,Tunisia,0.481639,0.284568,0.233794,0.4173371335915524,0.427169,0.5820431113243103,1.0262,0.694
England,Algeria,0.580678,0.252398,0.166924,0.5864874979400578,0.462267,0.6643031239509583,1.5513,0.6398
England,Argentina,0.460552,0.254825,0.284623,0.17576609038491883,0.473327,0.7143155336380005,0.582,1.1683
England,Austria,0.610313,0.25005,0.139637,0.585762052416142,0.58382,0.6529302597045898,1.5163,0.6102
England,Jordan,0.471974,0.281735,0.246291,0.5562538118030842,0.602944,0.2955963909626007,1.4197,0.6232
England,Australia,0.411401,0.295781,0.292818,0.4015397466522152,0.534122,0.32828274369239807,1.0249,0.7538
England,Paraguay,0.522828,0.289414,0.187757,0.36367069010452324,0.606506,0.6071227192878723,0.869,0.693
England,Turkey,0.615821,0.21605,0.168129,0.6098732351959445,0.472001,0.7294160723686218,1.7109,0.6979
England,United States,0.417408,0.269261,0.313331,0.42582437553282315,0.627373,0.2518148720264435,1.1893,0.8625
England,Belgium,0.564618,0.247508,0.187874,0.4573105680247153,0.533958,0.6868994832038879,1.2744,0.8372
England,Egypt,0.466654,0.298508,0.234837,0.5253303621960053,0.493676,0.39208200573921204,1.185,0.4932
England,Iran,0.503173,0.295334,0.201493,0.43783454764278223,0.53643,0.5385996699333191,1.1386,0.754
England,New Zealand,0.454706,0.278935,0.266359,0.3770955181189839,0.654193,0.3765425682067871,1.0657,0.9082
England,Bosnia and Herzegovina,0.72362,0.187913,0.088468,0.7843880484993999,0.648632,0.7237838506698608,2.2181,0.4176
England,Canada,0.471823,0.337935,0.190242,0.39739690746525036,0.6028,0.44220754504203796,1.0528,0.8067
England,Qatar,0.621139,0.224692,0.15417,0.6980533459532197,0.664165,0.5176706314086914,2.0275,0.6232
England,Switzerland,0.510597,0.27224,0.217164,0.48478525411858164,0.521217,0.5264843106269836,1.3118,0.773
England,Brazil,0.39235,0.299388,0.308262,0.19248149723276478,0.554494,0.4553176760673523,0.6559,1.2085
England,Haiti,0.654032,0.223694,0.122274,0.722588667833519,0.578708,0.6472453474998474,2.0835,0.5694
England,Morocco,0.428527,0.30102,0.270453,0.34694557071978327,0.355629,0.5587630271911621,0.8199,0.6893
England,Scotland,0.535563,0.25077,0.213666,0.6192090282155357,0.569845,0.4324429929256439,1.6145,0.58
England,Cape Verde,0.624359,0.236847,0.138794,0.7448566958174759,0.608334,0.5249685049057007,1.9367,0.3838
England,Saudi Arabia,0.520369,0.28579,0.193841,0.5243556759705816,0.635522,0.43013283610343933,1.2006,0.5128
England,Spain,0.390928,0.295011,0.314061,0.30480497476412616,0.315615,0.5271803140640259,0.953,1.0818
England,Uruguay,0.434746,0.303146,0.262108,0.27394810700823374,0.601458,0.45814797282218933,0.7356,0.8846
England,Colombia,0.473766,0.270879,0.255355,0.25264331147440133,0.555821,0.6165831089019775,0.8032,1.1147
England,DR Congo,0.514186,0.301672,0.184142,0.5876858378017789,0.506525,0.4519713521003723,1.3548,0.4549
England,Portugal,0.52249,0.25752,0.21999,0.39659583981384117,0.520366,0.6405128240585327,1.1509,0.9359
England,Uzbekistan,0.562494,0.281049,0.156458,0.47051173462975227,0.567493,0.6438001990318298,1.0749,0.5588
England,Croatia,0.452669,0.292821,0.25451,0.4661192908627451,0.520559,0.38920366764068604,1.1985,0.7168
England,Ghana,0.638559,0.244799,0.116642,0.6446314418107791,0.611924,0.6529629230499268,1.6232,0.4988
England,Panama,0.490042,0.272594,0.237364,0.563603573359769,0.565087,0.3656090199947357,1.4656,0.6412
England,Curaçao,0.531779,0.247987,0.220234,0.6278605269053988,0.577865,0.4082845151424408,1.5604,0.5035
England,Ecuador,0.482601,0.292155,0.225244,0.27619179100318647,0.551463,0.6217281222343445,0.6692,0.7565
England,Germany,0.528659,0.247194,0.224147,0.42771608411232137,0.488779,0.6519836187362671,1.2933,0.9797
England,Ivory Coast,0.567807,0.259364,0.172829,0.5546192522578858,0.505051,0.6271697878837585,1.2947,0.5068
England,Czech Republic,0.551298,0.247708,0.200993,0.654623623437356,0.627133,0.39874643087387085,1.736,0.5563
England,Mexico,0.554369,0.284368,0.161263,0.39051071804138476,0.583181,0.6842471957206726,0.9634,0.7166
England,South Africa,0.651639,0.223335,0.125026,0.6793572946591082,0.611293,0.656330943107605,1.7457,0.4767
England,South Korea,0.577217,0.252945,0.169838,0.4312966199022223,0.53525,0.7437044978141785,1.1095,0.7439
England,France,0.423749,0.27574,0.300511,0.36293777702311053,0.417835,0.4844314754009247,0.992,0.8693
England,Iraq,0.576069,0.263738,0.160192,0.557066316689017,0.587023,0.5854100584983826,1.2846,0.4888
England,Norway,0.581473,0.229146,0.189381,0.5457188030651687,0.43775,0.7225610017776489,1.5232,0.7624
England,Senegal,0.466024,0.305321,0.228655,0.46212824201181746,0.432139,0.49509498476982117,1.1085,0.6277
England,Japan,0.504255,0.268705,0.22704,0.31526757320620735,0.491917,0.6883016228675842,0.8844,0.9266
England,Netherlands,0.460709,0.298965,0.240325,0.44075586574193165,0.502545,0.4477178752422333,1.2599,0.8864
England,Sweden,0.512359,0.245859,0.241782,0.6324879604123578,0.636328,0.3080889582633972,1.7641,0.66
England,Tunisia,0.563917,0.276361,0.159723,0.5361946446664654,0.56544,0.5884084701538086,1.2202,0.4935
Ghana,Algeria,0.36867,0.277804,0.353526,0.2655177285858029,0.191187,0.5974619388580322,0.908,1.2185
Ghana,Argentina,0.317027,0.203373,0.4796,0.03971573478889939,0.200442,0.6611073017120361,0.3406,2.2249
Ghana,Austria,0.408081,0.271796,0.320122,0.2696510181688792,0.324827,0.5986740589141846,0.8875,1.1621
Ghana,Jordan,0.268083,0.286538,0.445378,0.248386797597775,0.354737,0.22116871178150177,0.8309,1.1867
Ghana,Australia,0.219816,0.276603,0.503581,0.1471106851125344,0.260414,0.25653883814811707,0.5998,1.4356
Ghana,Paraguay,0.34233,0.274953,0.382717,0.13535320754769126,0.360691,0.5199388265609741,0.5086,1.3197
Ghana,Turkey,0.395573,0.243286,0.361142,0.2724273621161212,0.199309,0.656968891620636,1.0014,1.329
Ghana,United States,0.253153,0.241605,0.505242,0.14797013126175915,0.398336,0.24130462110042572,0.6961,1.6425
Ghana,Belgium,0.362338,0.242773,0.394889,0.16565591827022,0.260228,0.6209732294082642,0.7459,1.5943
Ghana,Egypt,0.267887,0.314046,0.418067,0.2489869254421037,0.218679,0.3223509192466736,0.6935,0.9393
Ghana,Iran,0.303874,0.28166,0.414466,0.16474777229394108,0.263051,0.46321946382522583,0.6664,1.4358
Ghana,New Zealand,0.298834,0.251153,0.450013,0.12226395171191615,0.454913,0.3448123633861542,0.6237,1.7297
Ghana,Bosnia and Herzegovina,0.545059,0.23992,0.215021,0.47503342680556704,0.442314,0.6870422959327698,1.2982,0.7952
Ghana,Canada,0.287007,0.311393,0.4016,0.14007645442466432,0.354498,0.37215954065322876,0.6162,1.5363
Ghana,Qatar,0.439554,0.263896,0.29655,0.35147303545585845,0.478798,0.4915132224559784,1.1866,1.1868
Ghana,Switzerland,0.301115,0.278049,0.420835,0.18685816423168158,0.246214,0.44804278016090393,0.7678,1.472
Ghana,Brazil,0.238471,0.238762,0.522767,0.04290850811297912,0.284788,0.3845132887363434,0.3839,2.3015
Ghana,Haiti,0.43007,0.271204,0.298726,0.3826943287001939,0.317374,0.5585864186286926,1.2194,1.0843
Ghana,Morocco,0.289463,0.270531,0.440006,0.1280404757680805,0.120052,0.5660753846168518,0.4799,1.3127
Ghana,Scotland,0.321401,0.277055,0.401543,0.29787093677669046,0.304947,0.3555293083190918,0.945,1.1045
Ghana,Cape Verde,0.422164,0.290654,0.287182,0.4422750389716336,0.363797,0.44743409752845764,1.1335,0.7308
Ghana,Saudi Arabia,0.361945,0.295686,0.342369,0.24523618890590126,0.414458,0.4304068386554718,0.7027,0.9766
Ghana,Spain,0.258269,0.248541,0.49319,0.08268176105768935,0.099671,0.5398533344268799,0.5578,2.0601
Ghana,Uruguay,0.265234,0.25448,0.480286,0.08327535164722875,0.352289,0.36807572841644287,0.4305,1.6846
Ghana,Colombia,0.304787,0.227018,0.468195,0.06387447147410781,0.286466,0.5413498878479004,0.4701,2.1229
Ghana,DR Congo,0.314751,0.326319,0.35893,0.29746215628582934,0.231085,0.39362409710884094,0.7929,0.8663
Ghana,Portugal,0.323189,0.243722,0.433089,0.1283265618652903,0.245308,0.5619300603866577,0.6736,1.7823
Ghana,Uzbekistan,0.371809,0.282131,0.34606,0.20609240235765486,0.301749,0.57771897315979,0.6291,1.0643
Ghana,Croatia,0.251999,0.287746,0.460255,0.18349872773188086,0.245513,0.3202224671840668,0.7015,1.3651
Ghana,England,0.346538,0.223309,0.430152,0.10338322980179807,0.128076,0.7356026768684387,0.4988,1.6232
Ghana,Panama,0.2772,0.279564,0.443236,0.25037299682608116,0.29852,0.28598514199256897,0.8578,1.2211
Ghana,Curaçao,0.320219,0.279232,0.400549,0.31774787670239435,0.316165,0.3255508244037628,0.9133,0.9588
Ghana,Ecuador,0.315007,0.254624,0.430369,0.09252458566678617,0.280998,0.5463159084320068,0.3917,1.4407
Ghana,Germany,0.32632,0.233976,0.439704,0.1382481890274123,0.214139,0.5845628380775452,0.7569,1.8657
Ghana,Ivory Coast,0.362251,0.290112,0.347637,0.2657312608107291,0.229625,0.551193118095398,0.7578,0.9651
Ghana,Czech Republic,0.370924,0.282388,0.346688,0.3284827476687733,0.397874,0.38991832733154297,1.016,1.0594
Ghana,Mexico,0.373826,0.268977,0.357198,0.14560881261424505,0.323883,0.6224149465560913,0.5639,1.3646
Ghana,South Africa,0.443478,0.265126,0.291396,0.36344419738362266,0.3689,0.5735450983047485,1.0217,0.9079
Ghana,South Korea,0.380089,0.251518,0.368393,0.16256837676199218,0.261699,0.670232892036438,0.6494,1.4167
Ghana,France,0.239616,0.252254,0.50813,0.11944051237008242,0.157988,0.41210490465164185,0.5806,1.6554
Ghana,Iraq,0.371793,0.291994,0.336213,0.2703974837417586,0.329607,0.49726930260658264,0.7519,0.9308
Ghana,Norway,0.378546,0.237953,0.383501,0.22246494596212954,0.172136,0.6780267357826233,0.8915,1.4519
Ghana,Senegal,0.269174,0.306229,0.424597,0.19226093406001443,0.168037,0.4163161814212799,0.6488,1.1954
Ghana,Japan,0.329725,0.237802,0.432473,0.0960430795120124,0.217037,0.6305271983146667,0.5176,1.7646
Ghana,Netherlands,0.262978,0.276268,0.460754,0.15270646904890617,0.227164,0.39187365770339966,0.7374,1.6881
Ghana,Sweden,0.333617,0.263926,0.402456,0.2942296559619856,0.4161,0.3080478608608246,1.0325,1.2568
Ghana,Tunisia,0.360194,0.299532,0.340274,0.25589987540541514,0.298991,0.5026432871818542,0.7142,0.9398
Panama,Algeria,0.421206,0.274112,0.304682,0.36428202284745703,0.251614,0.6013138890266418,1.1671,1.1002
Panama,Argentina,0.343003,0.215998,0.440998,0.06454005502795157,0.262396,0.6611073017120361,0.4378,2.0089
Panama,Austria,0.478949,0.264963,0.256088,0.36774401295502784,0.396942,0.6434268355369568,1.1407,1.0493
Panama,Jordan,0.345448,0.291643,0.362909,0.341508976752735,0.426668,0.2880464494228363,1.0681,1.0715
Panama,Australia,0.261941,0.283464,0.454595,0.21302435246018528,0.329581,0.25633886456489563,0.771,1.2962
Panama,Paraguay,0.413951,0.271006,0.315043,0.194330853930974,0.432475,0.6031287908554077,0.6538,1.1916
Panama,Turkey,0.448978,0.241148,0.309875,0.3764658100788246,0.261082,0.6572586894035339,1.2871,1.2
Panama,United States,0.298621,0.25066,0.450719,0.2186372958718184,0.46836,0.24501192569732666,0.8947,1.4831
Panama,Belgium,0.409045,0.247778,0.343177,0.24228655095104507,0.32938,0.6231387853622437,0.9587,1.4395
Panama,Egypt,0.3159,0.311158,0.372942,0.3348101716671003,0.28331,0.3229065537452698,0.8915,0.8481
Panama,Iran,0.349048,0.287657,0.363295,0.23737762190989514,0.332432,0.46480709314346313,0.8566,1.2964
Panama,New Zealand,0.337378,0.263267,0.399356,0.18370056018953318,0.519753,0.34242168068885803,0.8017,1.5617
Panama,Bosnia and Herzegovina,0.600596,0.229299,0.170105,0.5943410167357425,0.508562,0.6755537390708923,1.6687,0.718
Panama,Canada,0.353592,0.316733,0.329675,0.2053017653028525,0.426434,0.4359803795814514,0.7921,1.3871
Panama,Qatar,0.496877,0.257587,0.245536,0.46878678564409687,0.540588,0.49000033736228943,1.5253,1.0716
Panama,Switzerland,0.348058,0.28226,0.369682,0.2684066870719559,0.314079,0.4472563564777374,0.9869,1.3291
Panama,Brazil,0.2686,0.249804,0.481595,0.07027772292774491,0.355628,0.38659602403640747,0.4934,2.078
Panama,Haiti,0.525443,0.24589,0.228667,0.5018385095501944,0.389386,0.649532675743103,1.5674,0.979
Panama,Morocco,0.321127,0.279945,0.398929,0.18404279783351638,0.164745,0.5654371380805969,0.6169,1.1853
Panama,Scotland,0.408525,0.267731,0.323744,0.4010524077475682,0.376652,0.4393920600414276,1.2146,0.9972
Panama,Cape Verde,0.508596,0.267897,0.223507,0.5560871262739705,0.435489,0.5196237564086914,1.457,0.6599
Panama,Saudi Arabia,0.410952,0.291892,0.297156,0.33118927665103476,0.483308,0.430332213640213,0.9032,0.8817
Panama,Spain,0.284903,0.26138,0.453717,0.13021760958859602,0.138471,0.5380123257637024,0.7169,1.8601
Panama,Uruguay,0.326615,0.26598,0.407405,0.12596117805860102,0.424271,0.43877795338630676,0.5534,1.5211
Panama,Colombia,0.337804,0.240171,0.422025,0.10190946604737501,0.357396,0.5412307381629944,0.6043,1.9168
Panama,DR Congo,0.36688,0.318817,0.314302,0.39262565525722015,0.297292,0.3953743875026703,1.0192,0.7822
Panama,Portugal,0.36336,0.253732,0.382907,0.1934532478911411,0.313082,0.5582774877548218,0.8658,1.6092
Panama,Uzbekistan,0.446137,0.273065,0.280798,0.2833824100370492,0.373348,0.651357889175415,0.8087,0.9609
Panama,Croatia,0.296904,0.29101,0.412086,0.26119557217295536,0.313308,0.3175964653491974,0.9017,1.2325
Panama,England,0.374297,0.234396,0.391307,0.15449703085790617,0.174913,0.7274228930473328,0.6412,1.4656
Panama,Ghana,0.508763,0.272223,0.219014,0.436491372904291,0.44148,0.6261699795722961,1.2211,0.8578
Panama,Curaçao,0.406973,0.266828,0.326199,0.42041625841097396,0.388155,0.40868446230888367,1.1739,0.8657
Panama,Ecuador,0.349063,0.26626,0.384677,0.13599692524894322,0.351623,0.5441785454750061,0.5035,1.3008
Panama,Germany,0.369042,0.242957,0.388,0.20941608879593335,0.278144,0.5849819779396057,0.973,1.6845
Panama,Ivory Coast,0.411578,0.286019,0.302404,0.35663267985190056,0.295656,0.5495172142982483,0.974,0.8714
Panama,Czech Republic,0.428964,0.272214,0.298822,0.4368467124635178,0.467928,0.3923879563808441,1.306,0.9565
Panama,Mexico,0.436766,0.266653,0.296582,0.2094419821064681,0.395988,0.6776400804519653,0.7248,1.2321
Panama,South Africa,0.528714,0.247591,0.223696,0.4730259124100306,0.44042,0.6465747952461243,1.3133,0.8198
Panama,South Korea,0.425101,0.257014,0.317885,0.2339472246180219,0.330972,0.6726260185241699,0.8347,1.2792
Panama,France,0.275263,0.263354,0.461382,0.1782615392837468,0.211975,0.41253727674484253,0.7463,1.4947
Panama,Iraq,0.454552,0.276362,0.269086,0.36137097215958414,0.401756,0.5804067254066467,0.9664,0.8404
Panama,Norway,0.426364,0.241475,0.332162,0.3155003913245084,0.229054,0.6771872043609619,1.1459,1.3109
Panama,Senegal,0.310284,0.310862,0.378853,0.26863407833481256,0.224135,0.41355249285697937,0.834,1.0793
Panama,Japan,0.364806,0.249355,0.385839,0.14599261281551743,0.281444,0.6298177242279053,0.6653,1.5932
Panama,Netherlands,0.304901,0.284113,0.410986,0.22629275523592152,0.292893,0.3866228461265564,0.9479,1.5242
Panama,Sweden,0.389622,0.258256,0.352122,0.40152685332072996,0.484816,0.3070644438266754,1.3271,1.1348
Panama,Tunisia,0.439294,0.285211,0.275495,0.34352671957697073,0.370489,0.5795724987983704,0.918,0.8486
Curaçao,Algeria,0.386387,0.278049,0.335564,0.27655514131647463,0.235569,0.6013138890266418,0.9164,1.1713
Curaçao,Argentina,0.331072,0.206988,0.46194,0.04332661559809768,0.24601,0.6611073017120361,0.3438,2.1389
Curaçao,Austria,0.444948,0.268462,0.28659,0.2804893645494311,0.378819,0.6467410922050476,0.8957,1.1172
Curaçao,Jordan,0.311829,0.294282,0.39389,0.25879641710546797,0.408805,0.28798380494117737,0.8386,1.1408
Curaçao,Australia,0.236867,0.279174,0.483959,0.15514165715909742,0.311739,0.25617119669914246,0.6054,1.3801
Curaçao,Paraguay,0.391377,0.266462,0.342161,0.14247702670304818,0.41469,0.6040332913398743,0.5133,1.2687
Curaçao,Turkey,0.412514,0.244983,0.342502,0.28422425858962214,0.244736,0.6572586894035339,1.0106,1.2776
Curaçao,United States,0.272044,0.245625,0.482331,0.15674926437563186,0.451265,0.24396242201328278,0.7025,1.579
Curaçao,Belgium,0.37964,0.24552,0.374839,0.17503209359267544,0.31154,0.6200441122055054,0.7527,1.5327
Curaçao,Egypt,0.284568,0.315847,0.399585,0.25802983471262714,0.266347,0.32280635833740234,0.6999,0.903
Curaçao,Iran,0.321544,0.284575,0.393881,0.17350051622284487,0.314554,0.46370598673820496,0.6726,1.3803
Curaçao,New Zealand,0.314987,0.256223,0.42879,0.1300936365723084,0.504265,0.3437117636203766,0.6295,1.6628
Curaçao,Bosnia and Herzegovina,0.559407,0.244719,0.195874,0.48657720034400825,0.492661,0.6769266724586487,1.3102,0.7645
Curaçao,Canada,0.328804,0.311957,0.35924,0.14815062243522462,0.408568,0.43591800332069397,0.6219,1.4769
Curaçao,Qatar,0.457139,0.264981,0.277881,0.3642170522027324,0.525961,0.4913438856601715,1.1976,1.1409
Curaçao,Switzerland,0.318729,0.280229,0.401042,0.19660470404724345,0.29647,0.44839808344841003,0.7749,1.4151
Curaçao,Brazil,0.254856,0.241515,0.503629,0.046860654846651216,0.337535,0.3850654363632202,0.3874,2.2125
Curaçao,Haiti,0.481439,0.257128,0.261433,0.3953102368184143,0.371235,0.6439201235771179,1.2307,1.0424
Curaçao,Morocco,0.300686,0.275461,0.423853,0.1348303817145336,0.15251,0.5654371380805969,0.4843,1.2619
Curaçao,Scotland,0.340972,0.278467,0.380561,0.30904977189237803,0.358487,0.35732775926589966,0.9537,1.0618
Curaçao,Cape Verde,0.467699,0.284184,0.248117,0.4530481941768393,0.417748,0.5187917947769165,1.144,0.7026
Curaçao,Saudi Arabia,0.379921,0.296249,0.32383,0.2544028822651768,0.466604,0.4308474361896515,0.7092,0.9388
Curaçao,Spain,0.267677,0.252875,0.479448,0.08907585986490196,0.127754,0.5380123257637024,0.5629,1.9804
Curaçao,Uruguay,0.308938,0.258424,0.432638,0.08891207818018357,0.406378,0.43917813897132874,0.4345,1.6195
Curaçao,Colombia,0.320894,0.231477,0.44763,0.06913731143517123,0.339292,0.539885938167572,0.4745,2.0408
Curaçao,DR Congo,0.332582,0.326967,0.340451,0.3071375288375645,0.280005,0.3956296741962433,0.8003,0.8328
Curaçao,Portugal,0.339755,0.246865,0.41338,0.13660990927688335,0.29549,0.5608893036842346,0.6798,1.7133
Curaçao,Uzbekistan,0.390013,0.284679,0.325308,0.2146437100236958,0.355187,0.5783680081367493,0.635,1.0231
Curaçao,Croatia,0.268359,0.289709,0.441932,0.19268284003838365,0.295712,0.31778484582901,0.708,1.3123
Curaçao,England,0.355318,0.227583,0.417098,0.1099571422183921,0.162135,0.7274228930473328,0.5035,1.5604
Curaçao,Ghana,0.470032,0.281561,0.248407,0.34223821965607004,0.423835,0.6229353547096252,0.9588,0.9133
Curaçao,Panama,0.295533,0.281528,0.422939,0.2610170449848909,0.351845,0.28512874245643616,0.8657,1.1739
Curaçao,Ecuador,0.33111,0.259358,0.409532,0.0980572590981376,0.333557,0.5447958707809448,0.3953,1.385
Curaçao,Germany,0.342804,0.237142,0.420054,0.1472655497313612,0.261313,0.5848838090896606,0.7639,1.7935
Curaçao,Ivory Coast,0.378335,0.291793,0.329873,0.27533683755770927,0.278404,0.5486937165260315,0.7648,0.9278
Curaçao,Czech Republic,0.390797,0.281545,0.327659,0.34002155107317017,0.450823,0.3926367163658142,1.0254,1.0184
Curaçao,Mexico,0.413269,0.262236,0.324495,0.15332076977082026,0.377861,0.6802791357040405,0.5691,1.3119
Curaçao,South Africa,0.490219,0.258251,0.25153,0.3745884160363691,0.422758,0.6478566527366638,1.0312,0.8728
Curaçao,South Korea,0.397626,0.254616,0.347759,0.17116158088811437,0.313112,0.6705774068832397,0.6554,1.3619
Curaçao,France,0.253439,0.257163,0.489398,0.12691654959226303,0.197437,0.41253727674484253,0.586,1.5914
Curaçao,Iraq,0.422133,0.282169,0.295698,0.2799021790728664,0.383659,0.5825839042663574,0.7588,0.8948
Curaçao,Norway,0.393899,0.241553,0.364548,0.23337480773499555,0.213819,0.6776987314224243,0.8997,1.3957
Curaçao,Senegal,0.282693,0.310556,0.406751,0.2010072864939529,0.209093,0.41355249285697937,0.6548,1.1492
Curaçao,Japan,0.345414,0.241385,0.413201,0.10258277271829594,0.264528,0.6307756900787354,0.5224,1.6963
Curaçao,Netherlands,0.277054,0.278931,0.444015,0.16184823789200337,0.275703,0.38460925221443176,0.7442,1.6228
Curaçao,Sweden,0.352212,0.263877,0.383911,0.30618905504793564,0.468156,0.307628870010376,1.042,1.2082
Curaçao,Tunisia,0.379841,0.298794,0.321365,0.265116239715353,0.352333,0.5066120028495789,0.7208,0.9035
Ecuador,Algeria,0.500295,0.27006,0.229645,0.5795484260858074,0.268375,0.6013138890266418,1.3769,0.5024
Ecuador,Argentina,0.389561,0.282452,0.327988,0.19089567268002638,0.279464,0.656032145023346,0.5166,0.9173
Ecuador,Austria,0.557496,0.260042,0.182462,0.5777566160611027,0.415155,0.645743191242218,1.3458,0.4791
Ecuador,Jordan,0.423199,0.29214,0.284661,0.5495991669426546,0.444478,0.2903134226799011,1.2601,0.4893
Ecuador,Australia,0.333069,0.308037,0.358894,0.4042075566348916,0.347838,0.256181538105011,0.9096,0.5919
Ecuador,Paraguay,0.478119,0.300011,0.22187,0.3650447578650818,0.450179,0.6036894917488098,0.7713,0.5441
Ecuador,Turkey,0.53252,0.234982,0.232498,0.6042110218391924,0.278115,0.657433032989502,1.5185,0.5479
Ecuador,United States,0.376729,0.272766,0.350506,0.43145457978605417,0.485216,0.24457907676696777,1.0556,0.6772
Ecuador,Belgium,0.490437,0.264909,0.244654,0.461204206160064,0.347635,0.6248007416725159,1.1311,0.6573
Ecuador,Egypt,0.383002,0.312443,0.304554,0.5141391628230814,0.300882,0.3234509825706482,1.0517,0.3873
Ecuador,Iran,0.424165,0.306494,0.269341,0.4395269996223507,0.350712,0.4651673138141632,1.0106,0.592
Ecuador,New Zealand,0.410911,0.294757,0.294332,0.3853923067524675,0.534817,0.34138187766075134,0.9458,0.7131
Ecuador,Bosnia and Herzegovina,0.663738,0.205158,0.131104,0.7663171885505222,0.524073,0.6738465428352356,1.9688,0.3279
Ecuador,Canada,0.427907,0.341593,0.2305,0.40197904674722695,0.444249,0.43960294127464294,0.9345,0.6334
Ecuador,Qatar,0.576436,0.240897,0.182667,0.6875400937848105,0.554734,0.49000033736228943,1.7995,0.4893
Ecuador,Switzerland,0.42939,0.29242,0.278191,0.48571435862125767,0.332172,0.450370728969574,1.1643,0.6069
Ecuador,Brazil,0.354097,0.305001,0.340902,0.2089664323203267,0.374012,0.4733427166938782,0.5822,0.9489
Ecuador,Haiti,0.601064,0.226963,0.171973,0.7098920228037567,0.407665,0.6457814574241638,1.8492,0.4471
Ecuador,Morocco,0.380774,0.313311,0.305916,0.3485455913709535,0.177827,0.563113272190094,0.7277,0.5412
Ecuador,Scotland,0.483703,0.259043,0.257254,0.6091469613858818,0.395007,0.43435734510421753,1.433,0.4554
Ecuador,Cape Verde,0.572459,0.245681,0.181859,0.7252894031328816,0.453134,0.5208102464675903,1.719,0.3013
Ecuador,Saudi Arabia,0.479222,0.292753,0.228025,0.5140684754620553,0.499711,0.4315964877605438,1.0656,0.4026
Ecuador,Spain,0.348781,0.308532,0.342686,0.3191515005281945,0.150011,0.5255793333053589,0.8458,0.8494
Ecuador,Uruguay,0.386662,0.312966,0.300372,0.28305438333411387,0.442122,0.4407934546470642,0.6529,0.6946
Ecuador,Colombia,0.428437,0.283781,0.287782,0.2679403977044659,0.375782,0.6164381504058838,0.7129,0.8752
Ecuador,DR Congo,0.433438,0.311975,0.254588,0.5731882614069229,0.315133,0.39311689138412476,1.2025,0.3572
Ecuador,Portugal,0.44245,0.28003,0.27752,0.405249134425276,0.331162,0.5604972243309021,1.0215,0.7348
Ecuador,Uzbekistan,0.512655,0.283734,0.203611,0.46372958362499106,0.391715,0.6488001942634583,0.9541,0.4388
Ecuador,Croatia,0.37349,0.302921,0.323589,0.4656677248144011,0.331391,0.31988728046417236,1.0638,0.5628
Ecuador,England,0.437682,0.273949,0.288369,0.32832694547085917,0.188537,0.7260707020759583,0.7565,0.6692
Ecuador,Ghana,0.580992,0.259327,0.159682,0.630811193261991,0.459002,0.626607358455658,1.4407,0.3917
Ecuador,Panama,0.440266,0.274288,0.285446,0.5574037857208998,0.388377,0.3709380626678467,1.3008,0.5035
Ecuador,Curaçao,0.478577,0.256235,0.265188,0.6145836761649541,0.406443,0.4070156216621399,1.385,0.3953
Ecuador,Germany,0.453071,0.266622,0.280306,0.4367762755646895,0.295603,0.586495041847229,1.1479,0.7692
Ecuador,Ivory Coast,0.480072,0.284549,0.235379,0.5432607962974342,0.313468,0.5468558073043823,1.1491,0.3979
Ecuador,Czech Republic,0.504805,0.258984,0.236211,0.6428124464533459,0.484796,0.3922153115272522,1.5408,0.4368
Ecuador,Mexico,0.505098,0.291936,0.202966,0.3921209475984191,0.414211,0.6778895854949951,0.8551,0.5626
Ecuador,South Africa,0.60082,0.230428,0.168752,0.6640224909182345,0.457965,0.6497415900230408,1.5494,0.3743
Ecuador,South Korea,0.499874,0.2755,0.224627,0.4328200816480063,0.34924,0.6751008033752441,0.9848,0.5841
Ecuador,France,0.345325,0.295519,0.359156,0.37034064212044476,0.227325,0.41088080406188965,0.8805,0.6825
Ecuador,Iraq,0.522669,0.273683,0.203648,0.5448447794990243,0.41992,0.5793885588645935,1.1402,0.3838
Ecuador,Norway,0.509914,0.244636,0.24545,0.5442873284356203,0.245067,0.6771872043609619,1.3519,0.5986
Ecuador,Senegal,0.380418,0.32362,0.295962,0.4584228769586873,0.239965,0.41384559869766235,0.9839,0.4929
Ecuador,Japan,0.432722,0.289997,0.277281,0.32522927585750866,0.298977,0.63265460729599,0.785,0.7275
Ecuador,Netherlands,0.385809,0.304593,0.309598,0.44669242464454373,0.310656,0.3859902024269104,1.1183,0.696
Ecuador,Sweden,0.471657,0.24827,0.280073,0.6248848251959461,0.501171,0.3077709972858429,1.5657,0.5182
Ecuador,Tunisia,0.508728,0.284759,0.206512,0.5247279626404908,0.388864,0.5840230584144592,1.083,0.3875
Germany,Algeria,0.51334,0.252755,0.233905,0.5568580836749476,0.341181,0.6024908423423767,1.7831,0.9709
Germany,Argentina,0.391989,0.232117,0.375894,0.12822642661304845,0.353026,0.6651975512504578,0.669,1.7728
Germany,Austria,0.57299,0.241572,0.185438,0.5584086800496082,0.486689,0.6513391733169556,1.7429,0.926
Germany,Jordan,0.434909,0.273227,0.291863,0.5264076168803553,0.513084,0.2915365695953369,1.6319,0.9456
Germany,Australia,0.363182,0.282625,0.354193,0.358037720582631,0.422872,0.32307714223861694,1.178,1.1439
Germany,Paraguay,0.484531,0.269613,0.245856,0.32493179934041955,0.518122,0.6068800687789917,0.9989,1.0515
Germany,Turkey,0.544684,0.220309,0.235007,0.5773367874710341,0.351593,0.6596162915229797,1.9665,1.059
Germany,United States,0.37532,0.255874,0.368806,0.3750659613625472,0.54844,0.2454361468553543,1.367,1.3087
Germany,Belgium,0.515667,0.235902,0.248431,0.4085216172928715,0.422672,0.6846501231193542,1.4648,1.2703
Germany,Egypt,0.426884,0.290928,0.282188,0.5056362179424337,0.375485,0.39268752932548523,1.362,0.7484
Germany,Iran,0.458971,0.274247,0.266782,0.39445223919754446,0.425693,0.5436499714851379,1.3087,1.1441
Germany,New Zealand,0.406153,0.27151,0.322337,0.32391281141939615,0.589549,0.3443654775619507,1.2249,1.3782
Germany,Bosnia and Herzegovina,0.683989,0.197346,0.118665,0.7832839998269877,0.580818,0.6697055697441101,2.5496,0.6336
Germany,Canada,0.431665,0.316679,0.251656,0.3503088997394097,0.512881,0.44585856795310974,1.2101,1.2241
Germany,Qatar,0.587561,0.229194,0.183246,0.6769911019135726,0.60549,0.4913812279701233,2.3304,0.9456
Germany,Switzerland,0.462391,0.26412,0.273489,0.4409724107929624,0.407336,0.5235775113105774,1.5078,1.1729
Germany,Brazil,0.349822,0.259987,0.390192,0.1408300764388128,0.448239,0.4691235423088074,0.7539,1.8338
Germany,Haiti,0.622544,0.21474,0.162716,0.7070439148123269,0.479814,0.6516751646995544,2.3948,0.864
Germany,Morocco,0.384216,0.282648,0.333135,0.30880804795592076,0.23849,0.5634817481040955,0.9424,1.046
Germany,Scotland,0.498918,0.243726,0.257356,0.5961174762716921,0.468071,0.4322134554386139,1.8558,0.88
Germany,Cape Verde,0.599573,0.229674,0.170754,0.7446766669578657,0.520722,0.5246468186378479,2.2261,0.5823
Germany,Saudi Arabia,0.492052,0.2733,0.234648,0.502779250456479,0.560668,0.4305601119995117,1.38,0.7781
Germany,Spain,0.338772,0.274787,0.386441,0.24556564799965447,0.204639,0.5257835388183594,1.0954,1.6415
Germany,Uruguay,0.390468,0.275957,0.333575,0.22687372692729776,0.510993,0.4511711895465851,0.8455,1.3423
Germany,Colombia,0.424743,0.244668,0.330589,0.19650608923125237,0.449928,0.6168842315673828,0.9233,1.6915
Germany,DR Congo,0.476674,0.292819,0.230507,0.5740448983800053,0.39013,0.4516737759113312,1.5572,0.6902
Germany,Portugal,0.470376,0.243733,0.28589,0.34147145636740917,0.406326,0.6377264857292175,1.3228,1.4201
Germany,Uzbekistan,0.527568,0.260841,0.211591,0.4432045920613936,0.464991,0.6526191234588623,1.2356,0.848
Germany,Croatia,0.406596,0.278779,0.314624,0.42588917012094546,0.406555,0.3887856900691986,1.3776,1.0877
Germany,England,0.437775,0.239396,0.322829,0.2726996300529086,0.251221,0.7306492328643799,0.9797,1.2933
Germany,Ghana,0.600122,0.243682,0.156197,0.6296720347817043,0.525861,0.6286088824272156,1.8657,0.7569
Germany,Panama,0.451911,0.25667,0.291418,0.5326790470866318,0.461856,0.3697441816329956,1.6845,0.973
Germany,Curaçao,0.497079,0.239624,0.263298,0.6116192964210561,0.478687,0.40497615933418274,1.7935,0.7639
Germany,Ecuador,0.441691,0.262016,0.296292,0.2364084724989266,0.444397,0.6294996738433838,0.7692,1.1479
Germany,Ivory Coast,0.527375,0.250892,0.221732,0.5347128795792259,0.388432,0.6250207424163818,1.4882,0.769
Germany,Czech Republic,0.521539,0.244291,0.23417,0.6355193230494004,0.548083,0.3961810767650604,1.9954,0.8441
Germany,Mexico,0.513571,0.263313,0.223115,0.34973174623986536,0.485825,0.6859419345855713,1.1074,1.0873
Germany,South Africa,0.622503,0.215654,0.161843,0.6681582150771006,0.524955,0.6535982489585876,2.0065,0.7234
Germany,South Korea,0.531025,0.238158,0.230816,0.3885691881112912,0.424249,0.7430201172828674,1.2753,1.1288
Germany,France,0.343919,0.265703,0.390378,0.3124220671132649,0.295984,0.4090748727321625,1.1403,1.319
Germany,Iraq,0.542495,0.253309,0.204196,0.5389438267523097,0.491034,0.5844569802284241,1.4766,0.7417
Germany,Norway,0.514187,0.228759,0.257053,0.504991253675424,0.315784,0.6718131303787231,1.7508,1.1568
Germany,Senegal,0.389242,0.300647,0.310111,0.42875741695971176,0.310132,0.4121593236923218,1.2742,0.9525
Germany,Japan,0.450672,0.248225,0.301103,0.2632833801929509,0.373509,0.6819615960121155,1.0165,1.406
Germany,Netherlands,0.408123,0.286367,0.30551,0.38858831477566813,0.385554,0.44315123558044434,1.4482,1.3451
Germany,Sweden,0.481776,0.236094,0.28213,0.6041476386122072,0.56189,0.30839383602142334,2.0276,1.0014
Germany,Tunisia,0.527067,0.264677,0.208256,0.5168457137566193,0.462315,0.5851868987083435,1.4025,0.7489
Ivory Coast,Algeria,0.425602,0.284219,0.290179,0.31789357738965746,0.322932,0.6023765802383423,0.9224,0.9719
Ivory Coast,Argentina,0.362077,0.224032,0.413891,0.060252461950471285,0.334675,0.6617950797080994,0.3461,1.7747
Ivory Coast,Austria,0.486266,0.273933,0.239802,0.32078261062131036,0.469826,0.6516581773757935,0.9016,0.927
Ivory Coast,Jordan,0.350986,0.301961,0.347053,0.2979219581616823,0.497101,0.2902383804321289,0.8442,0.9466
Ivory Coast,Australia,0.299539,0.293692,0.406769,0.18752888273595097,0.404687,0.3240939974784851,0.6094,1.1451
Ivory Coast,Paraguay,0.426287,0.280056,0.293657,0.17103052919812364,0.502329,0.605191171169281,0.5167,1.0527
Ivory Coast,Turkey,0.452881,0.251526,0.295593,0.3287206314564592,0.333252,0.6576164364814758,1.0173,1.0601
Ivory Coast,United States,0.307626,0.262316,0.430058,0.1927537605585928,0.533947,0.2437540590763092,0.7071,1.3102
Ivory Coast,Belgium,0.442495,0.249642,0.307863,0.2129719322159995,0.404485,0.6833232045173645,0.7577,1.2717
Ivory Coast,Egypt,0.32193,0.323878,0.354192,0.29089590599897536,0.357044,0.3242383897304535,0.7046,0.7492
Ivory Coast,Iran,0.389465,0.288715,0.321821,0.20848110987588359,0.407542,0.5432482957839966,0.677,1.1453
Ivory Coast,New Zealand,0.347073,0.275512,0.377415,0.1629225132307991,0.577244,0.34437406063079834,0.6336,1.3796
Ivory Coast,Bosnia and Herzegovina,0.591023,0.250548,0.158429,0.5246477149077582,0.568007,0.6697055697441101,1.3189,0.6343
Ivory Coast,Canada,0.369415,0.322374,0.308211,0.18113453048488984,0.49689,0.4477241337299347,0.626,1.2254
Ivory Coast,Qatar,0.492215,0.270278,0.237507,0.41025781236296105,0.594165,0.4913812279701233,1.2055,0.9466
Ivory Coast,Switzerland,0.386897,0.28133,0.331773,0.23524916570756244,0.389,0.525558590888977,0.78,1.1741
Ivory Coast,Brazil,0.319044,0.250556,0.4304,0.06540948486871818,0.430444,0.4698728024959564,0.39,1.8357
Ivory Coast,Haiti,0.523923,0.260691,0.215386,0.43992941238268607,0.462754,0.6475741267204285,1.2388,0.8649
Ivory Coast,Morocco,0.329088,0.292288,0.378624,0.16212281921143146,0.222666,0.5634817481040955,0.4875,1.0471
Ivory Coast,Scotland,0.409743,0.28006,0.310197,0.34990869732142077,0.450705,0.4342899024486542,0.96,0.881
Ivory Coast,Cape Verde,0.506968,0.283122,0.20991,0.4884909082803802,0.50503,0.5255113244056702,1.1516,0.5829
Ivory Coast,Saudi Arabia,0.414061,0.304875,0.281064,0.2879650375676589,0.546774,0.43092355132102966,0.7139,0.7789
Ivory Coast,Spain,0.289701,0.271932,0.438367,0.117333577438265,0.19021,0.523881196975708,0.5666,1.6432
Ivory Coast,Uruguay,0.344146,0.273965,0.381889,0.11310347849176183,0.494933,0.4444791078567505,0.4374,1.3437
Ivory Coast,Colombia,0.382635,0.238951,0.378414,0.09292278334627091,0.432165,0.6133306622505188,0.4776,1.6933
Ivory Coast,DR Congo,0.391195,0.332104,0.276701,0.3413090715560114,0.371703,0.4519798159599304,0.8056,0.691
Ivory Coast,Portugal,0.406709,0.249522,0.343769,0.17133233161316025,0.387982,0.6384568810462952,0.6843,1.4216
Ivory Coast,Uzbekistan,0.45516,0.285674,0.259167,0.2468222507093534,0.447551,0.653545618057251,0.6392,0.8489
Ivory Coast,Croatia,0.334374,0.296707,0.368919,0.22881771463880624,0.388213,0.3915262818336487,0.7126,1.0888
Ivory Coast,England,0.386532,0.24222,0.371248,0.13762463078881462,0.234949,0.7306492328643799,0.5068,1.2947
Ivory Coast,Ghana,0.51035,0.285847,0.203803,0.3807978926417051,0.510375,0.6301388740539551,0.9651,0.7578
Ivory Coast,Panama,0.367596,0.285775,0.346629,0.30113526011216096,0.444344,0.3713732957839966,0.8714,0.974
Ivory Coast,Curaçao,0.408159,0.28039,0.311452,0.36651513325445473,0.461596,0.4065059423446655,0.9278,0.7648
Ivory Coast,Ecuador,0.39416,0.267231,0.338609,0.12107407612892378,0.426532,0.6223738193511963,0.3979,1.1491
Ivory Coast,Germany,0.38168,0.25087,0.36745,0.18502121260360527,0.351568,0.5861784815788269,0.769,1.4882
Ivory Coast,Czech Republic,0.429259,0.284043,0.286698,0.38151464460976703,0.533573,0.3950097858905792,1.0322,0.845
Ivory Coast,Mexico,0.450791,0.275321,0.273889,0.1842255445435026,0.468936,0.683667778968811,0.5729,1.0885
Ivory Coast,South Africa,0.529987,0.261079,0.208934,0.4133909485224193,0.509432,0.6532613635063171,1.038,0.7242
Ivory Coast,South Korea,0.46347,0.251659,0.284871,0.20548209197385967,0.406081,0.7451867461204529,0.6597,1.13
Ivory Coast,France,0.285817,0.270836,0.443346,0.15814129034761223,0.278464,0.40941697359085083,0.5899,1.3204
Ivory Coast,Iraq,0.459158,0.289035,0.251808,0.3141505696513271,0.474302,0.5818753838539124,0.7638,0.7424
Ivory Coast,Norway,0.430994,0.25143,0.317576,0.2758379911583336,0.297878,0.6745308637619019,0.9057,1.1581
Ivory Coast,Senegal,0.317502,0.321614,0.360884,0.23467516074488398,0.292326,0.4130218029022217,0.6591,0.9535
Ivory Coast,Japan,0.380133,0.258926,0.360941,0.13057682599118112,0.35507,0.6297575235366821,0.5259,1.4075
Ivory Coast,Netherlands,0.317692,0.286735,0.395573,0.1993580727708858,0.367116,0.3899775445461273,0.7492,1.3465
Ivory Coast,Sweden,0.390293,0.270532,0.339176,0.3506307628964014,0.548058,0.30839383602142334,1.0489,1.0025
Ivory Coast,Tunisia,0.446558,0.29814,0.255301,0.2985377244836816,0.444813,0.5847575068473816,0.7255,0.7497
Czech Republic,Algeria,0.368542,0.272582,0.358876,0.2801322458919098,0.170574,0.5990963578224182,1.0125,1.3032
Czech Republic,Argentina,0.310742,0.198903,0.490355,0.03958930654506763,0.179157,0.660399854183197,0.3799,2.3796
Czech Republic,Austria,0.404324,0.268314,0.327362,0.2846560129819428,0.297619,0.5951912999153137,0.9897,1.2429
Czech Republic,Jordan,0.265191,0.283482,0.451327,0.261928117140476,0.326997,0.22175529599189758,0.9266,1.2692
Czech Republic,Australia,0.215013,0.271982,0.513005,0.1534265627063833,0.235541,0.25653883814811707,0.6689,1.5354
Czech Republic,Paraguay,0.33283,0.274122,0.393048,0.14117605320650092,0.332888,0.5100254416465759,0.5672,1.4115
Czech Republic,Turkey,0.39412,0.239028,0.366851,0.2873320064153117,0.178105,0.6552351713180542,1.1167,1.4214
Czech Republic,United States,0.247806,0.238826,0.513367,0.1540531524014844,0.370465,0.24231678247451782,0.7762,1.7567
Czech Republic,Belgium,0.357881,0.238591,0.403528,0.17296423496225072,0.235364,0.6209732294082642,0.8317,1.7051
Czech Republic,Egypt,0.266535,0.308415,0.42505,0.2633741088736231,0.196162,0.3223509192466736,0.7734,1.0046
Czech Republic,Iran,0.299431,0.277149,0.42342,0.17220824285231404,0.23805,0.46321946382522583,0.7431,1.5357
Czech Republic,New Zealand,0.292797,0.247391,0.459812,0.12661445441442562,0.428043,0.3448283076286316,0.6955,1.8499
Czech Republic,Bosnia and Herzegovina,0.546325,0.233035,0.22064,0.5025501824459231,0.415105,0.6854320764541626,1.4477,0.8505
Czech Republic,Canada,0.280338,0.307926,0.411736,0.145779847560425,0.326761,0.369882732629776,0.6872,1.6431
Czech Republic,Qatar,0.438941,0.259331,0.301729,0.37166878962218536,0.452758,0.4907674193382263,1.3233,1.2693
Czech Republic,Switzerland,0.297481,0.273311,0.429208,0.1957431378434566,0.222068,0.4482477605342865,0.8562,1.5744
Czech Republic,Brazil,0.230915,0.235042,0.534043,0.042839071212867195,0.258842,0.38385435938835144,0.4281,2.4614
Czech Republic,Haiti,0.431145,0.264832,0.304022,0.4048930975595264,0.290353,0.5612431168556213,1.3598,1.1597
Czech Republic,Morocco,0.288061,0.2637,0.448239,0.1334341609868321,0.105632,0.5681715607643127,0.5352,1.404
Czech Republic,Scotland,0.319675,0.271889,0.408437,0.31484440956663373,0.278288,0.355248361825943,1.0538,1.1812
Czech Republic,Cape Verde,0.421096,0.285484,0.29342,0.4686046350735741,0.335966,0.44114598631858826,1.2641,0.7816
Czech Republic,Saudi Arabia,0.359791,0.289934,0.350276,0.25922554701397965,0.386736,0.43253976106643677,0.7836,1.0444
Czech Republic,Spain,0.255433,0.244566,0.500002,0.08448279647826541,0.087354,0.5398533344268799,0.622,2.2033
Czech Republic,Uruguay,0.257437,0.250106,0.492457,0.08544509275216969,0.324579,0.3660280704498291,0.4801,1.8017
Czech Republic,Colombia,0.297734,0.222904,0.479361,0.06470946683249258,0.260455,0.5412521362304688,0.5243,2.2705
Czech Republic,DR Congo,0.314245,0.320284,0.365471,0.3152332590089585,0.207799,0.3933364450931549,0.8842,0.9265
Czech Republic,Portugal,0.318129,0.239344,0.442527,0.1330127944054244,0.221212,0.5621646046638489,0.7511,1.9061
Czech Republic,Uzbekistan,0.368136,0.276857,0.355007,0.21720493049695525,0.275193,0.5775708556175232,0.7016,1.1382
Czech Republic,Croatia,0.248154,0.283044,0.468802,0.19232662869694045,0.221406,0.3198867440223694,0.7823,1.4599
Czech Republic,England,0.343424,0.218699,0.437876,0.1067318527395028,0.112867,0.7356026768684387,0.5563,1.736
Czech Republic,Ghana,0.428197,0.280507,0.291297,0.3508492715888241,0.342126,0.5644173622131348,1.0594,1.016
Czech Republic,Panama,0.273952,0.274694,0.451354,0.2639722686676063,0.272072,0.2845931053161621,0.9565,1.306
Czech Republic,Curaçao,0.319345,0.27357,0.407085,0.3363896438473219,0.289177,0.3262574374675751,1.0184,1.0254
Czech Republic,Ecuador,0.308783,0.249402,0.441815,0.09558940254425469,0.255204,0.5462128520011902,0.4368,1.5408
Czech Republic,Germany,0.321687,0.229938,0.448375,0.14352379353063127,0.191917,0.5839856863021851,0.8441,1.9954
Czech Republic,Ivory Coast,0.36093,0.284509,0.354561,0.28108298362996365,0.206427,0.550896942615509,0.845,1.0322
Czech Republic,Mexico,0.36868,0.263928,0.367392,0.15196919885781746,0.296697,0.6231935024261475,0.6288,1.4595
Czech Republic,South Africa,0.439005,0.263066,0.297929,0.3849757743789297,0.341033,0.562606692314148,1.1394,0.971
Czech Republic,South Korea,0.375627,0.246952,0.377421,0.16991864331429674,0.236764,0.670232892036438,0.7241,1.5152
Czech Republic,France,0.231663,0.249659,0.518678,0.12369716264460304,0.140041,0.4003710448741913,0.6475,1.7705
Czech Republic,Iraq,0.369468,0.285919,0.344613,0.2861872975205172,0.30229,0.4969758093357086,0.8384,0.9955
Czech Republic,Norway,0.377094,0.23363,0.389275,0.2338128979347494,0.153004,0.6780267357826233,0.9941,1.5528
Czech Republic,Senegal,0.267279,0.301259,0.431462,0.20205468636998222,0.149241,0.4163161814212799,0.7235,1.2785
Czech Republic,Japan,0.324118,0.233332,0.442551,0.09880342089847752,0.194625,0.6298125386238098,0.5772,1.8872
Czech Republic,Netherlands,0.258701,0.272199,0.469101,0.1590598058831731,0.204115,0.39187365770339966,0.8223,1.8055
Czech Republic,Sweden,0.332528,0.258525,0.408947,0.3106820579372265,0.388399,0.31073862314224243,1.1514,1.3442
Czech Republic,Tunisia,0.357312,0.294038,0.34865,0.27072740222599506,0.272527,0.5011089444160461,0.7964,1.0052
Mexico,Algeria,0.459059,0.276035,0.264905,0.49586645790355327,0.228799,0.5980857014656067,1.3042,0.7232
Mexico,Argentina,0.359019,0.254257,0.386724,0.129839389392878,0.239081,0.6611073017120361,0.4893,1.3206
Mexico,Austria,0.514724,0.264553,0.220723,0.49632984229674115,0.370959,0.6397886276245117,1.2748,0.6898
Mexico,Jordan,0.381905,0.2938,0.324295,0.46793547769324106,0.401013,0.28798380494117737,1.1936,0.7044
Mexico,Australia,0.293029,0.300934,0.406037,0.3238883305832456,0.304099,0.25617119669914246,0.8616,0.8521
Mexico,Paraguay,0.441566,0.290377,0.268057,0.29312002746814664,0.406924,0.6048831343650818,0.7306,0.7833
Mexico,Turkey,0.490682,0.240515,0.268803,0.5160618972321902,0.237826,0.6572586894035339,1.4384,0.7889
Mexico,United States,0.333648,0.267869,0.398484,0.34158412608014677,0.443749,0.24355557560920715,0.9999,0.9749
Mexico,Belgium,0.44489,0.263097,0.292014,0.37007568596888185,0.303901,0.6200441122055054,1.0714,0.9463
Mexico,Egypt,0.346915,0.313947,0.339138,0.44419939235782746,0.259146,0.32291486859321594,0.9962,0.5575
Mexico,Iran,0.382319,0.302188,0.315493,0.35561368752784894,0.306894,0.46370598673820496,0.9573,0.8523
Mexico,New Zealand,0.371335,0.281444,0.347221,0.2982349333075844,0.497386,0.34419623017311096,0.8959,1.0267
Mexico,Bosnia and Herzegovina,0.633283,0.213616,0.153101,0.7061040957701616,0.485615,0.6769266724586487,1.8648,0.472
Mexico,Canada,0.385532,0.33555,0.278918,0.3186577886468079,0.400776,0.43591800332069397,0.8851,0.9119
Mexico,Qatar,0.539116,0.248014,0.21287,0.6065992428946242,0.519439,0.49149906635284424,1.7046,0.7044
Mexico,Switzerland,0.385733,0.292937,0.32133,0.39678393734877004,0.288951,0.4482559561729431,1.1029,0.8737
Mexico,Brazil,0.285755,0.288322,0.425923,0.1420295829620563,0.329749,0.3856041133403778,0.5514,1.3661
Mexico,Haiti,0.534569,0.246194,0.219237,0.6340693084507638,0.363373,0.5712242126464844,1.7516,0.6436
Mexico,Morocco,0.349054,0.301556,0.34939,0.27893975696260886,0.147429,0.5654371380805969,0.6893,0.7792
Mexico,Scotland,0.414239,0.270348,0.315412,0.5297158281632963,0.35064,0.35525038838386536,1.3574,0.6556
Mexico,Cape Verde,0.538791,0.255257,0.205952,0.6650052865416579,0.409997,0.5188723206520081,1.6283,0.4338
Mexico,Saudi Arabia,0.442792,0.296185,0.261023,0.4425241369741466,0.459239,0.4306773543357849,1.0093,0.5796
Mexico,Spain,0.316325,0.290507,0.393168,0.23346453092711952,0.123325,0.5380123257637024,0.8012,1.2228
Mexico,Uruguay,0.349603,0.296449,0.353948,0.21293977761390523,0.398577,0.43917813897132874,0.6184,0.9999
Mexico,Colombia,0.360898,0.273386,0.365716,0.19075723681623788,0.3315,0.5403371453285217,0.6753,1.2601
Mexico,DR Congo,0.398697,0.316481,0.284822,0.504459600513138,0.272647,0.3956296741962433,1.139,0.5142
Mexico,Portugal,0.398399,0.273527,0.328074,0.3140814061829157,0.28798,0.5593672394752502,0.9676,1.0579
Mexico,Uzbekistan,0.448378,0.292548,0.259073,0.3915661331399492,0.347346,0.5768536329269409,0.9037,0.6317
Mexico,Croatia,0.331659,0.302944,0.365397,0.38198217586750455,0.2882,0.31778484582901,1.0076,0.8102
Mexico,England,0.40301,0.260411,0.336578,0.2523008146826361,0.156819,0.7274228930473328,0.7166,0.9634
Mexico,Ghana,0.542337,0.26658,0.191083,0.557926102239445,0.416117,0.6227893233299255,1.3646,0.5639
Mexico,Panama,0.366976,0.280784,0.35224,0.47414387801848284,0.344012,0.28512874245643616,1.2321,0.7248
Mexico,Curaçao,0.411181,0.264906,0.323913,0.5412645106322367,0.362139,0.3277411162853241,1.3119,0.5691
Mexico,Ecuador,0.370311,0.294844,0.334845,0.2178200696472409,0.325789,0.5447958707809448,0.5626,0.8551
Mexico,Germany,0.407262,0.26117,0.331567,0.33961450874147775,0.254175,0.5848838090896606,1.0873,1.1074
Mexico,Ivory Coast,0.444811,0.287112,0.268077,0.47098606979738933,0.271064,0.551193118095398,1.0885,0.5729
Mexico,Czech Republic,0.466556,0.267421,0.266023,0.5654613570657553,0.443303,0.39256608486175537,1.4595,0.6288
Mexico,South Africa,0.564001,0.238557,0.197442,0.5934992789336425,0.415034,0.6486850380897522,1.4677,0.5389
Mexico,South Korea,0.457831,0.272118,0.270051,0.3501907736257685,0.305462,0.6718970537185669,0.9328,0.8409
Mexico,France,0.306346,0.284793,0.40886,0.28733104367755913,0.191346,0.4103666841983795,0.834,0.9826
Mexico,Iraq,0.487148,0.27663,0.236222,0.474015710550547,0.375803,0.5829811692237854,1.08,0.5525
Mexico,Norway,0.467951,0.246696,0.285353,0.4528890333503485,0.207416,0.6776987314224243,1.2806,0.8618
Mexico,Senegal,0.343299,0.321361,0.33534,0.381537673623404,0.202777,0.41355249285697937,0.932,0.7095
Mexico,Japan,0.392908,0.276053,0.331039,0.2458676327637274,0.25735,0.6307756900787354,0.7435,1.0474
Mexico,Netherlands,0.344507,0.29913,0.356363,0.3538866744115381,0.268392,0.39304211735725403,1.0593,1.002
Mexico,Sweden,0.431101,0.255813,0.313086,0.539513557558422,0.460807,0.3085160553455353,1.4831,0.746
Mexico,Tunisia,0.442672,0.296055,0.261273,0.45428305962533627,0.344498,0.5057225227355957,1.0259,0.5579
South Africa,Algeria,0.35948,0.274572,0.365948,0.2382346656867734,0.192031,0.5974619388580322,0.8677,1.3105
South Africa,Argentina,0.314743,0.196533,0.488724,0.032398016462167264,0.201313,0.6611073017120361,0.3255,2.3929
South Africa,Austria,0.399065,0.268738,0.332197,0.24267704924028954,0.325911,0.5986740589141846,0.8481,1.2499
South Africa,Jordan,0.259532,0.28295,0.457518,0.22274651214292193,0.355835,0.22116871178150177,0.7941,1.2763
South Africa,Australia,0.213696,0.270493,0.515811,0.12858310577697799,0.261419,0.25653883814811707,0.5733,1.544
South Africa,Paraguay,0.338167,0.26759,0.394243,0.11884184507398242,0.361791,0.5232409238815308,0.4861,1.4194
South Africa,Turkey,0.385804,0.240077,0.374119,0.24345210031041054,0.200176,0.656968891620636,0.957,1.4294
South Africa,United States,0.24656,0.235456,0.517984,0.12800206954301363,0.399429,0.24130462110042572,0.6652,1.7665
South Africa,Belgium,0.355161,0.23699,0.407849,0.14406872021643413,0.261233,0.6209732294082642,0.7128,1.7147
South Africa,Egypt,0.260212,0.310883,0.428905,0.22602844938345737,0.219597,0.3223509192466736,0.6628,1.0102
South Africa,Iran,0.29712,0.275926,0.426953,0.14438084292613984,0.26406,0.46321946382522583,0.6369,1.5442
South Africa,New Zealand,0.293093,0.244534,0.462372,0.10480496531941273,0.455955,0.3448123633861542,0.5961,1.8602
South Africa,Bosnia and Herzegovina,0.534252,0.241809,0.223939,0.44289664007758445,0.443372,0.6870422959327698,1.2407,0.8552
South Africa,Canada,0.280951,0.305109,0.413939,0.12165902722761651,0.355596,0.37215954065322876,0.5889,1.6523
South Africa,Qatar,0.428574,0.262656,0.308769,0.31888071598773243,0.479803,0.4915132224559784,1.1341,1.2764
South Africa,Switzerland,0.293493,0.272775,0.433732,0.16400314761776164,0.247192,0.44804278016090393,0.7337,1.5832
South Africa,Brazil,0.235996,0.231998,0.532005,0.03489876404480466,0.28583,0.3845132887363434,0.3669,2.4752
South Africa,Haiti,0.418999,0.270792,0.310208,0.349777994618908,0.318452,0.5585864186286926,1.1654,1.1662
South Africa,Morocco,0.284209,0.264063,0.451728,0.11234788717267498,0.120651,0.5660753846168518,0.4586,1.4118
South Africa,Scotland,0.311933,0.274735,0.413332,0.2696018562645481,0.306013,0.3555293083190918,0.9031,1.1879
South Africa,Cape Verde,0.412332,0.291707,0.295961,0.4122472937004306,0.364897,0.44806259870529175,1.0833,0.786
South Africa,Saudi Arabia,0.354072,0.292243,0.353685,0.22211936453032533,0.415542,0.42989975214004517,0.6715,1.0503
South Africa,Spain,0.253703,0.241554,0.504742,0.06905012630611555,0.100185,0.5398533344268799,0.533,2.2156
South Africa,Uruguay,0.261295,0.247246,0.49146,0.0709828506272703,0.353387,0.36807572841644287,0.4114,1.8118
South Africa,Colombia,0.301278,0.219985,0.478737,0.05286989453223455,0.287511,0.5413498878479004,0.4493,2.2832
South Africa,DR Congo,0.306297,0.324442,0.369261,0.27222614900214254,0.232032,0.39362409710884094,0.7578,0.9317
South Africa,Portugal,0.317077,0.237212,0.445712,0.10984462936549634,0.246284,0.5619300603866577,0.6437,1.9168
South Africa,Uzbekistan,0.364846,0.277719,0.357435,0.18507589303488994,0.302813,0.57771897315979,0.6013,1.1446
South Africa,Croatia,0.244783,0.282471,0.472746,0.16181934294323932,0.24649,0.3202224671840668,0.6704,1.4681
South Africa,England,0.341674,0.216352,0.441974,0.08879095585493033,0.128707,0.7356026768684387,0.4767,1.7457
South Africa,Ghana,0.441667,0.279005,0.279327,0.3029937619883349,0.3711,0.6229496598243713,0.9079,1.0217
South Africa,Panama,0.268461,0.275977,0.455562,0.22422007527742813,0.29958,0.28598514199256897,0.8198,1.3133
South Africa,Curaçao,0.310956,0.277619,0.411425,0.2900651074501689,0.317242,0.3255508244037628,0.8728,1.0312
South Africa,Ecuador,0.311017,0.247429,0.441554,0.08013663644361094,0.282035,0.5463159084320068,0.3743,1.5494
South Africa,Germany,0.319612,0.22764,0.452748,0.11809772350242038,0.215045,0.5845628380775452,0.7234,2.0065
South Africa,Ivory Coast,0.354074,0.287292,0.358634,0.24130033354736452,0.230568,0.551193118095398,0.7242,1.038
South Africa,Czech Republic,0.360993,0.280834,0.358173,0.29885148160586084,0.398967,0.38991832733154297,0.971,1.1394
South Africa,Mexico,0.367949,0.262866,0.369185,0.1277216955138017,0.324966,0.6224149465560913,0.5389,1.4677
South Africa,South Korea,0.37346,0.245747,0.380793,0.14256325513215756,0.262706,0.670232892036438,0.6206,1.5237
South Africa,France,0.234047,0.245577,0.520376,0.10272065558578732,0.158729,0.41210490465164185,0.5549,1.7804
South Africa,Iraq,0.363691,0.289352,0.346957,0.2460652419209019,0.330694,0.49726930260658264,0.7186,1.0011
South Africa,Norway,0.369774,0.233485,0.396742,0.19643713813189306,0.172923,0.6780267357826233,0.852,1.5615
South Africa,Senegal,0.262116,0.301314,0.43657,0.17120583797343666,0.168811,0.4163161814212799,0.6201,1.2856
South Africa,Japan,0.325037,0.230786,0.444178,0.0817327665523102,0.217951,0.6305271983146667,0.4947,1.8978
South Africa,Netherlands,0.256058,0.270203,0.473739,0.13191729736479735,0.228101,0.39187365770339966,0.7047,1.8156
South Africa,Sweden,0.323629,0.261305,0.415066,0.26444394891928513,0.417183,0.3080478608608246,0.9867,1.3517
South Africa,Tunisia,0.352388,0.296532,0.35108,0.2324493942969418,0.300051,0.5026432871818542,0.6825,1.0108
South Korea,Algeria,0.471418,0.271376,0.257206,0.4812217174393409,0.287869,0.6003093123435974,1.354,0.8329
South Korea,Argentina,0.369248,0.243697,0.387055,0.1146970964554831,0.299253,0.6572617888450623,0.508,1.5208
South Korea,Austria,0.531565,0.260242,0.208193,0.48252195242530815,0.435467,0.6491484642028809,1.3235,0.7944
South Korea,Jordan,0.395217,0.291137,0.313646,0.4536140127277488,0.464174,0.289384663105011,1.2392,0.8112
South Korea,Australia,0.306656,0.293663,0.399682,0.3070407731550007,0.368593,0.25974756479263306,0.8945,0.9813
South Korea,Paraguay,0.453033,0.283795,0.263172,0.2783356929364856,0.469726,0.6020434498786926,0.7585,0.9021
South Korea,Turkey,0.502663,0.237243,0.260094,0.5000310083960872,0.29787,0.6590197086334229,1.4933,0.9084
South Korea,United States,0.344037,0.262961,0.393002,0.32198243897061485,0.50364,0.24447327852249146,1.038,1.1227
South Korea,Belgium,0.46124,0.251925,0.286835,0.35063676128565097,0.368389,0.6333119869232178,1.1123,1.0898
South Korea,Egypt,0.360692,0.310251,0.329057,0.43382362776491246,0.32113,0.322796106338501,1.0343,0.6421
South Korea,Iran,0.423274,0.287238,0.289488,0.3382831281102807,0.371476,0.5408039689064026,0.9938,0.9815
South Korea,New Zealand,0.379055,0.281639,0.339306,0.2785957273009987,0.551052,0.34268367290496826,0.9301,1.1823
South Korea,Bosnia and Herzegovina,0.644514,0.217341,0.138145,0.7009484943903105,0.540841,0.6702449321746826,1.936,0.5436
South Korea,Canada,0.399923,0.32652,0.273557,0.30069499061073257,0.463951,0.44356444478034973,0.9189,1.0501
South Korea,Qatar,0.548791,0.248258,0.20295,0.5938175656153378,0.569894,0.49129030108451843,1.7696,0.8112
South Korea,Switzerland,0.398765,0.2858,0.315436,0.37860661798559236,0.352833,0.45192867517471313,1.1449,1.0062
South Korea,Brazil,0.329613,0.268902,0.401485,0.12546329613840765,0.394757,0.46944528818130493,0.5725,1.5731
South Korea,Haiti,0.57576,0.235941,0.1883,0.623241888409409,0.428093,0.6428356766700745,1.8185,0.7412
South Korea,Morocco,0.35614,0.295533,0.348328,0.2645636770078417,0.193441,0.563113272190094,0.7157,0.8973
South Korea,Scotland,0.457483,0.262339,0.280179,0.5170609338071777,0.415594,0.4338689148426056,1.4092,0.755
South Korea,Cape Verde,0.55545,0.252191,0.192359,0.660285547294958,0.472601,0.5207696557044983,1.6904,0.4996
South Korea,Saudi Arabia,0.456167,0.290629,0.253204,0.4315047946460381,0.517568,0.43282565474510193,1.0479,0.6675
South Korea,Spain,0.316006,0.284582,0.399412,0.2130150822728266,0.163895,0.5255793333053589,0.8318,1.4082
South Korea,Uruguay,0.362258,0.286212,0.35153,0.1966981773734507,0.461877,0.4404923617839813,0.642,1.1515
South Korea,Colombia,0.399875,0.25441,0.345715,0.1720270733038423,0.396519,0.6131072640419006,0.7011,1.4511
South Korea,DR Congo,0.410933,0.314449,0.274618,0.49559859055691124,0.335606,0.3892516493797302,1.1825,0.5921
South Korea,Portugal,0.409688,0.265805,0.324506,0.2935087942911839,0.351815,0.5606275200843811,1.0045,1.2182
South Korea,Uzbekistan,0.490159,0.277069,0.232772,0.3792067028598218,0.412336,0.6512578129768372,0.9382,0.7275
South Korea,Croatia,0.34579,0.295735,0.358475,0.3653018015828823,0.352046,0.3230442404747009,1.0461,0.9331
South Korea,England,0.410707,0.252216,0.337077,0.23513897345368737,0.20475,0.7278683185577393,0.7439,1.1095
South Korea,Ghana,0.558136,0.263316,0.178549,0.5480435999037163,0.478301,0.6274728178977966,1.4167,0.6494
South Korea,Panama,0.41158,0.274521,0.313899,0.4593387713692921,0.409028,0.36933252215385437,1.2792,0.8347
South Korea,Curaçao,0.455432,0.259955,0.284613,0.5310643844574431,0.426888,0.40694230794906616,1.3619,0.6554
South Korea,Ecuador,0.413244,0.275109,0.311647,0.2038096739427234,0.39076,0.623824954032898,0.5841,0.9848
South Korea,Germany,0.41715,0.255354,0.327497,0.3176513014372192,0.315751,0.5853762030601501,1.1288,1.2753
South Korea,Ivory Coast,0.458074,0.282327,0.259598,0.46021995685746686,0.333919,0.5494057536125183,1.13,0.6597
South Korea,Czech Republic,0.479938,0.263269,0.256793,0.5539067797077859,0.503236,0.39402246475219727,1.5152,0.7241
South Korea,Mexico,0.479667,0.277962,0.242371,0.29970268206678996,0.434538,0.6800149083137512,0.8409,0.9328
South Korea,South Africa,0.579251,0.236115,0.184635,0.5847491631942031,0.477294,0.6507968902587891,1.5237,0.6206
South Korea,France,0.315443,0.278441,0.406115,0.26876400966977304,0.245389,0.41126468777656555,0.8659,1.1315
South Korea,Iraq,0.501161,0.273179,0.22566,0.4638556117195739,0.440149,0.5815173983573914,1.1212,0.6362
South Korea,Norway,0.477365,0.243344,0.279291,0.4348503983485103,0.263815,0.6771872043609619,1.3294,0.9924
South Korea,Senegal,0.354122,0.316369,0.329509,0.3672341249980277,0.258527,0.41384559869766235,0.9675,0.8171
South Korea,Japan,0.403678,0.268479,0.327844,0.22752709105985613,0.319189,0.6300819516181946,0.7719,1.2062
South Korea,Netherlands,0.353569,0.292662,0.353769,0.3335807648760027,0.331065,0.38896918296813965,1.0997,1.1539
South Korea,Sweden,0.442264,0.252549,0.305187,0.5247332994980394,0.518968,0.30834639072418213,1.5397,0.8591
South Korea,Tunisia,0.485846,0.283414,0.23074,0.44391148915681194,0.409511,0.5820013880729675,1.065,0.6424
France,Algeria,0.558715,0.252301,0.188984,0.5656603864935701,0.415913,0.6596218943595886,1.5822,0.7447
France,Argentina,0.437994,0.245323,0.316683,0.15435024651029672,0.427571,0.7081378698348999,0.5936,1.3598
France,Austria,0.593271,0.24982,0.156909,0.5658036930686046,0.549388,0.6516553163528442,1.5464,0.7103
France,Jordan,0.455198,0.281018,0.263784,0.5356451761694215,0.571511,0.2933794856071472,1.4479,0.7253
France,Australia,0.390057,0.292291,0.317652,0.37794158620087664,0.493362,0.3236168920993805,1.0452,0.8774
France,Paraguay,0.506765,0.284421,0.208814,0.34253993073992944,0.575668,0.6068502068519592,0.8863,0.8066
France,Turkey,0.593449,0.217398,0.189153,0.5877413790192315,0.426168,0.7244558930397034,1.7449,0.8123
France,United States,0.400025,0.267203,0.332772,0.3990147723225377,0.600244,0.25047215819358826,1.2129,1.0039
France,Belgium,0.544966,0.243425,0.211609,0.43077196251471317,0.49318,0.6894936561584473,1.2997,0.9744
France,Egypt,0.448751,0.298193,0.253056,0.5088492552844907,0.449267,0.3927842378616333,1.2085,0.5741
France,Iran,0.489698,0.281945,0.228358,0.4136883846785057,0.495918,0.5553149580955505,1.1612,0.8776
France,New Zealand,0.431395,0.277932,0.290673,0.350144033570001,0.632416,0.3554454743862152,1.0868,1.0571
France,Bosnia and Herzegovina,0.69721,0.199106,0.103684,0.774333180677715,0.625691,0.6796420812606812,2.2622,0.486
France,Canada,0.454508,0.332913,0.212579,0.37248511768429377,0.571343,0.4425482749938965,1.0737,0.939
France,Qatar,0.609366,0.225354,0.16528,0.6799244142596526,0.64455,0.5176706314086914,2.0678,0.7254
France,Switzerland,0.48997,0.270526,0.239504,0.45976182125191845,0.479149,0.5260385274887085,1.3379,0.8997
France,Brazil,0.374049,0.285775,0.340176,0.1691127622958435,0.516076,0.4568227231502533,0.6689,1.4066
France,Haiti,0.638704,0.22446,0.136837,0.7065929683456847,0.543528,0.6474556922912598,2.1249,0.6627
France,Morocco,0.406357,0.297313,0.29633,0.3263388221144947,0.308105,0.5542021989822388,0.8362,0.8023
France,Scotland,0.518376,0.249726,0.231899,0.600598062253171,0.533422,0.4310287833213806,1.6466,0.675
France,Cape Verde,0.612204,0.237218,0.150578,0.7348007475491956,0.577805,0.5246835947036743,1.9752,0.4467
France,Saudi Arabia,0.507511,0.282063,0.210426,0.5071931595083783,0.609949,0.4308120310306549,1.2244,0.5969
France,Spain,0.369024,0.287742,0.343234,0.27663884539789596,0.269687,0.5291223526000977,0.9719,1.2591
France,Uruguay,0.417887,0.295413,0.2867,0.2512093617565424,0.56978,0.4578644037246704,0.7502,1.0296
France,Colombia,0.454038,0.261048,0.284914,0.22657476691358006,0.517568,0.6166444420814514,0.8192,1.2975
France,DR Congo,0.49581,0.301977,0.202212,0.5728312215075871,0.463133,0.4491429626941681,1.3817,0.5295
France,Portugal,0.50069,0.25305,0.246259,0.36855022309764185,0.478217,0.6397830247879028,1.1737,1.0893
France,Uzbekistan,0.54539,0.275614,0.178996,0.45192925786017674,0.530752,0.6428219676017761,1.0963,0.6505
France,Croatia,0.43391,0.287697,0.278393,0.4427430119650009,0.478429,0.3922813832759857,1.2223,0.8343
France,England,0.467919,0.25098,0.2811,0.2967687120361793,0.322165,0.735747218132019,0.8693,0.992
France,Ghana,0.617048,0.252698,0.130255,0.6289427528049808,0.582012,0.6323805451393127,1.6554,0.5806
France,Panama,0.470558,0.268294,0.261147,0.5425090593314144,0.528025,0.360826700925827,1.4947,0.7463
France,Curaçao,0.516472,0.247778,0.23575,0.6117736119164325,0.542563,0.4087287485599518,1.5914,0.586
France,Ecuador,0.466414,0.281721,0.251864,0.25625310517986455,0.512675,0.6259979009628296,0.6825,0.8805
France,Germany,0.505671,0.243848,0.250481,0.39809728193256333,0.444016,0.6514934301376343,1.319,1.1403
France,Ivory Coast,0.550626,0.257138,0.192236,0.537746044501702,0.461536,0.6294972896575928,1.3204,0.5899
France,Czech Republic,0.536682,0.250374,0.212944,0.6373318545280781,0.599959,0.3960418999195099,1.7705,0.6475
France,Mexico,0.537016,0.280019,0.182965,0.36814055813455787,0.548654,0.6844425797462463,0.9826,0.834
France,South Africa,0.636076,0.224562,0.139362,0.6649856517869386,0.581271,0.6505333185195923,1.7804,0.5549
France,South Korea,0.560387,0.246827,0.192786,0.40750610439410784,0.494611,0.75120609998703,1.1315,0.8659
France,Iraq,0.560829,0.262542,0.176629,0.5408279010300536,0.55307,0.5851566791534424,1.3102,0.5689
France,Norway,0.559049,0.228522,0.212429,0.5210829457497705,0.390398,0.7209183573722839,1.5534,0.8873
France,Senegal,0.445949,0.302684,0.251367,0.4414080332750212,0.384622,0.496242493391037,1.1306,0.7306
France,Japan,0.483046,0.262224,0.25473,0.2898566429912651,0.447379,0.6885133981704712,0.902,1.0785
France,Netherlands,0.43773,0.295879,0.266391,0.4131575310150261,0.458824,0.4445990025997162,1.285,1.0317
France,Sweden,0.498073,0.245911,0.256016,0.6117995886327172,0.610912,0.3080889582633972,1.7991,0.7681
France,Tunisia,0.547439,0.272731,0.179829,0.519719634944845,0.528424,0.5873661041259766,1.2444,0.5744
Iraq,Algeria,0.393104,0.288376,0.31852,0.3089932403397128,0.22387,0.5980857014656067,0.8896,0.9643
Iraq,Argentina,0.332974,0.224656,0.44237,0.05856523417613676,0.234033,0.6611073017120361,0.3337,1.7609
Iraq,Austria,0.436844,0.27831,0.284846,0.31185292177704027,0.365156,0.6063148379325867,0.8695,0.9197
Iraq,Jordan,0.318643,0.303867,0.37749,0.28953999256665625,0.395243,0.28798380494117737,0.8141,0.9392
Iraq,Australia,0.242747,0.29352,0.463733,0.18205242510280276,0.298495,0.256976842880249,0.5877,1.1362
Iraq,Paraguay,0.396049,0.281099,0.322851,0.16606924524055086,0.40117,0.6048831343650818,0.4984,1.0445
Iraq,Turkey,0.421336,0.253451,0.325213,0.3194619804140064,0.232792,0.6572586894035339,0.9811,1.0518
Iraq,United States,0.278231,0.259586,0.462182,0.1870271032107109,0.438159,0.242373526096344,0.682,1.3
Iraq,Belgium,0.386996,0.25861,0.354393,0.20666617589619574,0.298299,0.6204280257225037,0.7308,1.2618
Iraq,Egypt,0.289668,0.325482,0.38485,0.2827979050460846,0.253888,0.32291486859321594,0.6795,0.7434
Iraq,Iran,0.327887,0.297737,0.374376,0.2023922597480876,0.301275,0.46394407749176025,0.6529,1.1364
Iraq,New Zealand,0.321068,0.269306,0.409626,0.1580716817979547,0.492244,0.34314829111099243,0.6111,1.3689
Iraq,Bosnia and Herzegovina,0.565979,0.245953,0.188068,0.5122816798681337,0.480353,0.6799947619438171,1.272,0.6294
Iraq,Canada,0.334847,0.325981,0.339172,0.17580905464278804,0.395006,0.4367062747478485,0.6037,1.2159
Iraq,Qatar,0.466121,0.270653,0.263226,0.39931743972599704,0.514551,0.49149906635284424,1.1627,0.9393
Iraq,Switzerland,0.325418,0.292505,0.382077,0.2283704382147332,0.283446,0.4467114210128784,0.7522,1.165
Iraq,Brazil,0.25694,0.259456,0.483604,0.0635450802785495,0.324025,0.38536733388900757,0.3761,1.8215
Iraq,Haiti,0.457862,0.276473,0.265665,0.42853484548001747,0.357574,0.5603610873222351,1.1948,0.8582
Iraq,Morocco,0.306274,0.289301,0.404425,0.15742274679507334,0.14376,0.5660753846168518,0.4702,1.0389
Iraq,Scotland,0.347179,0.287323,0.365498,0.34033810467146813,0.344857,0.35525038838386536,0.9259,0.8741
Iraq,Cape Verde,0.47209,0.287625,0.240286,0.4766350700616699,0.404253,0.5188723206520081,1.1106,0.5784
Iraq,Saudi Arabia,0.385069,0.306932,0.307999,0.27992874865530154,0.453753,0.4306773543357849,0.6885,0.7729
Iraq,Spain,0.274086,0.2692,0.456715,0.1138149625769477,0.120134,0.5380123257637024,0.5465,1.6304
Iraq,Uruguay,0.311407,0.275143,0.41345,0.10982207764236487,0.392801,0.4366530776023865,0.4218,1.3333
Iraq,Colombia,0.324539,0.248265,0.427196,0.0901905695714628,0.325769,0.5403371453285217,0.4606,1.6801
Iraq,DR Congo,0.338051,0.3345,0.327449,0.33206165035575436,0.267268,0.3967903256416321,0.7769,0.6856
Iraq,Portugal,0.345755,0.261652,0.392593,0.16619306806332876,0.282481,0.5593672394752502,0.66,1.4105
Iraq,Uzbekistan,0.393951,0.296731,0.309318,0.23981031956881352,0.34157,0.5758687257766724,0.6164,0.8423
Iraq,Croatia,0.275009,0.302248,0.422743,0.22218139436650783,0.2827,0.318082720041275,0.6873,1.0804
Iraq,England,0.360915,0.243877,0.395208,0.13359657587387302,0.152977,0.7274228930473328,0.4888,1.2846
Iraq,Ghana,0.475714,0.288736,0.23555,0.3706667181381246,0.410393,0.6219557523727417,0.9308,0.7519
Iraq,Panama,0.302644,0.291,0.406356,0.29264979831390164,0.338244,0.28512874245643616,0.8404,0.9664
Iraq,Curaçao,0.345081,0.286659,0.368259,0.35667807451525335,0.356341,0.3258938789367676,0.8948,0.7588
Iraq,Ecuador,0.334071,0.27671,0.389219,0.1175788385267128,0.32008,0.5447958707809448,0.3838,1.1402
Iraq,Germany,0.350441,0.251149,0.398409,0.17940364938623557,0.248966,0.5848838090896606,0.7417,1.4766
Iraq,Ivory Coast,0.384784,0.300738,0.314478,0.3016258735372634,0.265698,0.551193118095398,0.7424,0.7638
Iraq,Czech Republic,0.397639,0.288614,0.313747,0.37128801578308196,0.43771,0.39189016819000244,0.9955,0.8384
Iraq,Mexico,0.399157,0.284604,0.316239,0.17886897112680947,0.364197,0.6291531324386597,0.5525,1.08
Iraq,South Africa,0.496492,0.263554,0.239955,0.4026451459097649,0.409306,0.6488085389137268,1.0011,0.7186
Iraq,South Korea,0.404611,0.267299,0.32809,0.19948879381020407,0.299851,0.6730421185493469,0.6362,1.1212
Iraq,France,0.258853,0.271378,0.46977,0.15346940025886482,0.18693,0.4103666841983795,0.5689,1.3102
Iraq,Norway,0.402705,0.252058,0.345237,0.26784299909687725,0.202766,0.6776987314224243,0.8735,1.1491
Iraq,Senegal,0.288941,0.32273,0.388329,0.22794920582371192,0.198192,0.41355249285697937,0.6357,0.9461
Iraq,Japan,0.35027,0.257756,0.391973,0.1267293447283046,0.25211,0.6307756900787354,0.5072,1.3965
Iraq,Netherlands,0.287555,0.292055,0.42039,0.19340481291144423,0.26305,0.39304211735725403,0.7225,1.336
Iraq,Sweden,0.360941,0.271782,0.367277,0.34091449977207533,0.455332,0.3085160553455353,1.0116,0.9947
Iraq,Tunisia,0.384374,0.308534,0.307092,0.2902547112992138,0.338729,0.5057225227355957,0.6997,0.7438
Norway,Algeria,0.500685,0.258275,0.24104,0.4159824825876606,0.39569,0.6579325795173645,1.3876,1.1434
Norway,Argentina,0.403967,0.208717,0.387316,0.07437647320190781,0.407495,0.7061148285865784,0.5206,2.0878
Norway,Austria,0.537477,0.255283,0.20724,0.41943216007467826,0.533356,0.6497418880462646,1.3563,1.0905
Norway,Jordan,0.400875,0.284344,0.314781,0.3904239919070769,0.55672,0.2934055030345917,1.2699,1.1136
Norway,Australia,0.339163,0.279534,0.381303,0.24588917347424483,0.474892,0.32340753078460693,0.9167,1.3472
Norway,Paraguay,0.461332,0.268527,0.270141,0.22390460676819196,0.561127,0.6058945059776306,0.7773,1.2384
Norway,Turkey,0.534466,0.222999,0.242535,0.43029960762854186,0.406072,0.7272981405258179,1.5304,1.2472
Norway,United States,0.346061,0.255188,0.39875,0.25336215670697443,0.5873,0.25047215819358826,1.0638,1.5413
Norway,Belgium,0.487808,0.234812,0.277381,0.2804027694039817,0.474704,0.6894615888595581,1.1399,1.4961
Norway,Egypt,0.398048,0.302505,0.299448,0.38160056354953903,0.429572,0.389563649892807,1.0599,0.8814
Norway,Iran,0.43502,0.273113,0.291867,0.27391127675841664,0.477537,0.5520538091659546,1.0185,1.3474
Norway,New Zealand,0.381108,0.26054,0.358353,0.2131847074361831,0.621866,0.3554454743862152,0.9532,1.6231
Norway,Bosnia and Herzegovina,0.653811,0.216804,0.129385,0.6577380708380246,0.614612,0.6796420812606812,1.9841,0.7462
Norway,Canada,0.403441,0.318621,0.277938,0.23741371923282778,0.556542,0.44190818071365356,0.9417,1.4417
Norway,Qatar,0.549361,0.242455,0.208183,0.529818601902305,0.634993,0.5030725002288818,1.8135,1.1137
Norway,Switzerland,0.432784,0.266234,0.300982,0.30964619797164045,0.460219,0.5260390639305115,1.1734,1.3813
Norway,Brazil,0.343496,0.243238,0.413266,0.08128846304065507,0.498475,0.46949753165245056,0.5867,2.1597
Norway,Haiti,0.585256,0.237131,0.177612,0.564167126753297,0.527194,0.6483993530273438,1.8636,1.0175
Norway,Morocco,0.36216,0.279204,0.358635,0.21202253104146096,0.288459,0.5563995838165283,0.7334,1.2318
Norway,Scotland,0.464211,0.258773,0.277016,0.45573112572921143,0.516594,0.43268081545829773,1.4442,1.0364
Norway,Cape Verde,0.567865,0.254007,0.178127,0.6181656397998297,0.563395,0.5247081518173218,1.7323,0.6858
Norway,Saudi Arabia,0.459338,0.284429,0.256232,0.3777397802539387,0.597692,0.4308120310306549,1.0739,0.9164
Norway,Spain,0.320683,0.261598,0.417719,0.1516872749426121,0.251066,0.5292912721633911,0.8524,1.9332
Norway,Uruguay,0.376616,0.26767,0.355714,0.14554681351554258,0.554886,0.4563163220882416,0.6579,1.5808
Norway,Colombia,0.411382,0.229937,0.358681,0.1183826220732754,0.500029,0.6157158613204956,0.7185,1.9921
Norway,DR Congo,0.44734,0.308544,0.244115,0.4450274005218916,0.443758,0.45217210054397583,1.2118,0.8129
Norway,Portugal,0.446513,0.23796,0.315527,0.22480115587536215,0.459258,0.6419698596000671,1.0294,1.6725
Norway,Uzbekistan,0.496827,0.272826,0.230347,0.3245303874747483,0.513798,0.6434095501899719,0.9615,0.9987
Norway,Croatia,0.379832,0.282178,0.33799,0.30080937740209995,0.459476,0.39304977655410767,1.0721,1.281
Norway,England,0.419775,0.23062,0.349605,0.17870907582607712,0.30225,0.7310418486595154,0.7624,1.5232
Norway,Ghana,0.566183,0.26399,0.169826,0.4932356922442853,0.567864,0.6323805451393127,1.4519,0.8915
Norway,Panama,0.41701,0.268822,0.314167,0.39463789977720154,0.510946,0.3670976459980011,1.3109,1.1459
Norway,Curaçao,0.464894,0.256902,0.278204,0.47586861722459395,0.526181,0.40868237614631653,1.3957,0.8997
Norway,Ecuador,0.42783,0.253997,0.318172,0.15670169122128486,0.494933,0.6281311511993408,0.5986,1.3519
Norway,Germany,0.445873,0.230947,0.32318,0.24383360874166213,0.424216,0.6489942669868469,1.1568,1.7508
Norway,Ivory Coast,0.499785,0.262123,0.238092,0.4059344331564903,0.442122,0.629915714263916,1.1581,0.9057
Norway,Czech Republic,0.483652,0.261714,0.254633,0.49439704515859245,0.586996,0.3960418999195099,1.5528,0.9941
Norway,Mexico,0.488732,0.263945,0.247324,0.2414699493700253,0.532584,0.6844367980957031,0.8618,1.2806
Norway,South Africa,0.586206,0.238063,0.17573,0.5321940921040615,0.567077,0.6505333185195923,1.5615,0.852
Norway,South Korea,0.506864,0.237368,0.255768,0.2698779301109761,0.476185,0.7490835189819336,0.9924,1.3294
Norway,France,0.323643,0.257021,0.419336,0.20652970427918682,0.349602,0.412436306476593,0.8873,1.5534
Norway,Iraq,0.511636,0.267927,0.220438,0.4109981896612222,0.537234,0.58546382188797,1.1491,0.8735
Norway,Senegal,0.363696,0.30382,0.332484,0.3084217889102093,0.364211,0.41442522406578064,0.9915,1.1218
Norway,Japan,0.433699,0.238945,0.327357,0.16923466984422325,0.427646,0.6828200221061707,0.7911,1.6559
Norway,Netherlands,0.37958,0.285507,0.334912,0.2624649104706182,0.439344,0.44296780228614807,1.127,1.5841
Norway,Sweden,0.441698,0.251324,0.306978,0.45738611189671063,0.598724,0.30916908383369446,1.5779,1.1794
Norway,Tunisia,0.498425,0.276436,0.225138,0.39128592285935215,0.511363,0.5877825617790222,1.0914,0.8819
Senegal,Algeria,0.503502,0.272404,0.224094,0.41916850010732876,0.401445,0.6581984758377075,1.1425,0.8321
Senegal,Argentina,0.413343,0.234365,0.352292,0.09534604557127646,0.413215,0.7075177431106567,0.4286,1.5195
Senegal,Austria,0.539975,0.269929,0.190096,0.4208293574180254,0.537985,0.6516553163528442,1.1167,0.7937
Senegal,Jordan,0.403366,0.299262,0.297372,0.39415503915818717,0.561001,0.2934055030345917,1.0456,0.8105
Senegal,Australia,0.346172,0.298729,0.355099,0.26182978884942576,0.480192,0.3234403133392334,0.7548,0.9804
Senegal,Paraguay,0.467187,0.289289,0.243524,0.23742827005946665,0.565337,0.6058945059776306,0.64,0.9013
Senegal,Turkey,0.537846,0.236346,0.225808,0.43555266137556925,0.411798,0.7271831631660461,1.26,0.9077
Senegal,United States,0.354114,0.273304,0.372582,0.27361311360750956,0.591058,0.25047215819358826,0.8759,1.1218
Senegal,Belgium,0.495736,0.251944,0.25232,0.2990053382105903,0.480006,0.6894936561584473,0.9385,1.0888
Senegal,Egypt,0.399012,0.318383,0.282604,0.37791697580930617,0.435197,0.391324520111084,0.8727,0.6415
Senegal,Iran,0.441781,0.29107,0.267149,0.2891903490622938,0.482813,0.5520538091659546,0.8386,0.9806
Senegal,New Zealand,0.389685,0.280237,0.330079,0.23550915223118485,0.62494,0.3554454743862152,0.7848,1.1813
Senegal,Bosnia and Herzegovina,0.646638,0.229004,0.124358,0.6343563130441482,0.617837,0.6796420812606812,1.6336,0.5431
Senegal,Canada,0.410971,0.337835,0.251194,0.2557269323341388,0.560825,0.44190818071365356,0.7754,1.0492
Senegal,Qatar,0.548511,0.254276,0.197212,0.5250934297335338,0.637781,0.5030725002288818,1.4932,0.8105
Senegal,Switzerland,0.439626,0.281911,0.278463,0.3245573957348993,0.465643,0.5264856219291687,0.9661,1.0053
Senegal,Brazil,0.351243,0.27056,0.378197,0.10406361544810336,0.503538,0.4653652012348175,0.483,1.5718
Senegal,Haiti,0.583238,0.24887,0.167892,0.5544966235132215,0.531907,0.6483993530273438,1.5344,0.7405
Senegal,Morocco,0.368368,0.300624,0.331008,0.22549578189760114,0.293986,0.5563995838165283,0.6039,0.8965
Senegal,Scotland,0.464732,0.272441,0.262827,0.4532970046801864,0.521444,0.43268081545829773,1.1891,0.7543
Senegal,Cape Verde,0.560729,0.267299,0.171972,0.594148523604529,0.567568,0.5246835947036743,1.4263,0.4991
Senegal,Saudi Arabia,0.459585,0.300774,0.239641,0.37555922775252165,0.601254,0.4308120310306549,0.8842,0.6669
Senegal,Spain,0.331229,0.283394,0.385376,0.17797050380629087,0.256283,0.5292912721633911,0.7018,1.4069
Senegal,Uruguay,0.384796,0.291418,0.323786,0.16571882844025496,0.559196,0.4563163220882416,0.5417,1.1505
Senegal,Colombia,0.42204,0.253685,0.324275,0.143320760816827,0.505075,0.6173872351646423,0.5916,1.4498
Senegal,DR Congo,0.444449,0.325399,0.230152,0.43522882326303786,0.4493,0.4493289291858673,0.9978,0.5916
Senegal,Portugal,0.455842,0.256845,0.287313,0.24806146295028647,0.46469,0.6413440704345703,0.8476,1.2172
Senegal,Uzbekistan,0.499334,0.290416,0.21025,0.32781525983313126,0.518683,0.6434095501899719,0.7917,0.7268
Senegal,Croatia,0.38558,0.298867,0.315553,0.3134982918780798,0.464906,0.39261817932128906,0.8827,0.9323
Senegal,England,0.428272,0.252582,0.319146,0.19874020405391857,0.307861,0.7310418486595154,0.6277,1.1085
Senegal,Ghana,0.564031,0.27773,0.158239,0.4836760302436554,0.571963,0.6323805451393127,1.1954,0.6488
Senegal,Panama,0.419526,0.284303,0.296171,0.3991049801317111,0.515865,0.36600103974342346,1.0793,0.834
Senegal,Curaçao,0.463371,0.270937,0.265693,0.4676176177267459,0.530907,0.40868237614631653,1.1492,0.6548
Senegal,Ecuador,0.434773,0.278157,0.28707,0.17264830874114803,0.500035,0.6281311511993408,0.4929,0.9839
Senegal,Germany,0.45612,0.248842,0.295038,0.2684177013273494,0.429868,0.6494362354278564,0.9525,1.2742
Senegal,Ivory Coast,0.499971,0.27771,0.222319,0.40186132349807463,0.447674,0.6300085186958313,0.9535,0.6591
Senegal,Czech Republic,0.482591,0.274806,0.242603,0.48826718228900656,0.590759,0.3960418999195099,1.2785,0.7235
Senegal,Mexico,0.494994,0.286278,0.218727,0.255817687649795,0.537223,0.6844425797462463,0.7095,0.932
Senegal,South Africa,0.582786,0.251356,0.165857,0.5189551202838748,0.571189,0.6505333185195923,1.2856,0.6201
Senegal,South Korea,0.514098,0.255424,0.230478,0.2848201718026118,0.481473,0.7506526112556458,0.8171,0.9675
Senegal,France,0.332985,0.276679,0.390335,0.2274468288614379,0.355378,0.41375499963760376,0.7306,1.1306
Senegal,Iraq,0.511001,0.283631,0.205368,0.4054430384897897,0.541808,0.58546382188797,0.9461,0.6357
Senegal,Norway,0.504843,0.243807,0.251349,0.3750308287571243,0.375789,0.7218904495239258,1.1218,0.9915
Senegal,Japan,0.443741,0.260776,0.295483,0.19160441160578026,0.43328,0.684775710105896,0.6513,1.2051
Senegal,Netherlands,0.388571,0.303219,0.30821,0.28343559146489233,0.444913,0.4434528946876526,0.9279,1.1529
Senegal,Sweden,0.443291,0.264273,0.292436,0.4591164820175852,0.602267,0.30916908383369446,1.2992,0.8583
Senegal,Tunisia,0.498084,0.292495,0.209421,0.38711273801477725,0.516278,0.5870329141616821,0.8986,0.6419
Japan,Algeria,0.53198,0.25384,0.21418,0.6132771339215568,0.337695,0.6028234362602234,1.6865,0.6639
Japan,Argentina,0.410077,0.260984,0.328939,0.1849878715914858,0.349526,0.6637464165687561,0.6327,1.2123
Japan,Austria,0.590808,0.242912,0.16628,0.6125510905220457,0.483519,0.6513391733169556,1.6484,0.6332
Japan,Jordan,0.45347,0.27565,0.27088,0.582557896811177,0.510088,0.2915365695953369,1.5434,0.6466
Japan,Australia,0.38464,0.293031,0.322329,0.4229343190719632,0.419429,0.32307714223861694,1.1142,0.7822
Japan,Paraguay,0.503948,0.282395,0.213658,0.3835277218470878,0.515164,0.6068800687789917,0.9448,0.7191
Japan,Turkey,0.564299,0.220601,0.2151,0.6369456209690492,0.348094,0.6596162915229797,1.86,0.7241
Japan,United States,0.399816,0.264921,0.335263,0.44815787746637714,0.545735,0.2454361468553543,1.2929,0.8949
Japan,Belgium,0.539688,0.24306,0.217252,0.4808364572463853,0.419229,0.6846501231193542,1.3854,0.8687
Japan,Egypt,0.440171,0.294432,0.265396,0.5512085202720303,0.371976,0.38874152302742004,1.2882,0.5118
Japan,Iran,0.480637,0.282592,0.236772,0.46066410817679493,0.422258,0.5429845452308655,1.2378,0.7823
Japan,New Zealand,0.43088,0.283781,0.285339,0.39733411244513694,0.587263,0.3443654775619507,1.1585,0.9424
Japan,Bosnia and Herzegovina,0.692264,0.195607,0.112129,0.8091700136328565,0.578436,0.6697055697441101,2.4114,0.4333
Japan,Canada,0.45441,0.327432,0.218158,0.4185713980004011,0.509884,0.44585856795310974,1.1446,0.8371
Japan,Qatar,0.603569,0.227341,0.16909,0.7250263627603255,0.603389,0.4913812279701233,2.2041,0.6466
Japan,Switzerland,0.485,0.269735,0.245264,0.5092310270952691,0.40386,0.5235775113105774,1.4261,0.802
Japan,Brazil,0.370303,0.286742,0.342955,0.2026687297271275,0.44488,0.46927696466445923,0.713,1.254
Japan,Haiti,0.636196,0.212695,0.15111,0.749161898679595,0.476605,0.6516751646995544,2.265,0.5908
Japan,Morocco,0.403138,0.296574,0.300288,0.3660511917068895,0.235434,0.5634817481040955,0.8914,0.7152
Japan,Scotland,0.515356,0.244056,0.240589,0.6463484691013088,0.4648,0.4322134554386139,1.7552,0.6018
Japan,Cape Verde,0.607848,0.228634,0.163518,0.7710144066182018,0.517784,0.5246468186378479,2.1055,0.3982
Japan,Saudi Arabia,0.507697,0.27728,0.215023,0.5501611830022778,0.558078,0.4305601119995117,1.3052,0.5321
Japan,Spain,0.364204,0.292577,0.343219,0.32144024015508027,0.201842,0.5257835388183594,1.036,1.1225
Japan,Uruguay,0.411106,0.295881,0.293013,0.2890481479894598,0.507982,0.4511711895465851,0.7996,0.9179
Japan,Colombia,0.447947,0.266592,0.285461,0.2663835313214623,0.446576,0.6168842315673828,0.8732,1.1567
Japan,DR Congo,0.490442,0.294722,0.214836,0.6147185760859235,0.386629,0.4535386860370636,1.4728,0.472
Japan,Portugal,0.495455,0.25491,0.249635,0.4177119788776838,0.402847,0.6369552612304688,1.2511,0.9711
Japan,Uzbekistan,0.544638,0.267269,0.188093,0.4947529963374963,0.461705,0.6531040668487549,1.1686,0.5799
Japan,Croatia,0.427556,0.285746,0.286698,0.4899774892853208,0.403077,0.38822731375694275,1.303,0.7438
Japan,England,0.459549,0.255595,0.284855,0.33826637236536977,0.248083,0.7306492328643799,0.9266,0.8844
Japan,Ghana,0.613907,0.243666,0.142427,0.6719214360100725,0.522963,0.6286088824272156,1.7646,0.5176
Japan,Panama,0.470802,0.258767,0.27043,0.5900330876041069,0.458556,0.3697441816329956,1.5932,0.6653
Japan,Curaçao,0.51119,0.240041,0.24877,0.6551095734700787,0.475472,0.40494009852409363,1.6963,0.5224
Japan,Ecuador,0.457455,0.283572,0.258973,0.2916503942742048,0.441023,0.6231383085250854,0.7275,0.785
Japan,Germany,0.479559,0.250088,0.270353,0.4501778276005666,0.366491,0.5917117595672607,1.406,1.0165
Japan,Ivory Coast,0.54284,0.253527,0.203633,0.5810512289105357,0.38493,0.6261900067329407,1.4075,0.5259
Japan,Czech Republic,0.536793,0.243729,0.219478,0.6818668026568718,0.545375,0.3961810767650604,1.8872,0.5772
Japan,Mexico,0.53402,0.274366,0.191614,0.4114919710371371,0.48265,0.6859419345855713,1.0474,0.7435
Japan,South Africa,0.634822,0.214923,0.150255,0.7065372871921739,0.522049,0.6532613635063171,1.8978,0.4947
Japan,South Korea,0.552629,0.24673,0.200641,0.4538867553861438,0.420811,0.7430201172828674,1.2062,0.7719
Japan,France,0.367201,0.278878,0.353922,0.38253497450326424,0.292621,0.4090748727321625,1.0785,0.902
Japan,Iraq,0.557036,0.256086,0.186878,0.5835817625695988,0.48789,0.5844569802284241,1.3965,0.5072
Japan,Norway,0.536309,0.231451,0.23224,0.5718012701475675,0.312354,0.6718131303787231,1.6559,0.7911
Japan,Senegal,0.408049,0.307423,0.284528,0.4859588037836719,0.30672,0.4121593236923218,1.2051,0.6513
Japan,Netherlands,0.432846,0.29437,0.272784,0.4636806390065569,0.38205,0.44250985980033875,1.3697,0.9198
Japan,Sweden,0.500248,0.23576,0.263992,0.6597013717629704,0.559312,0.30839383602142334,1.9178,0.6848
Japan,Tunisia,0.541848,0.268234,0.189918,0.5623049462101077,0.459016,0.5851868987083435,1.3265,0.5121
Netherlands,Algeria,0.496829,0.259281,0.243889,0.521722849246676,0.325771,0.6023765802383423,1.6134,0.9458
Netherlands,Argentina,0.382966,0.233209,0.383825,0.11838375226188239,0.337535,0.6617950797080994,0.6053,1.727
Netherlands,Austria,0.556899,0.247971,0.19513,0.5234145191144853,0.472494,0.6513051986694336,1.577,0.9021
Netherlands,Jordan,0.418895,0.278795,0.30231,0.4923929070996207,0.499637,0.2902383804321289,1.4765,0.9212
Netherlands,Australia,0.350221,0.286163,0.363616,0.3318858015960038,0.407543,0.3240939974784851,1.0659,1.1144
Netherlands,Paraguay,0.472588,0.273331,0.254081,0.30116516318708797,0.504837,0.6068800687789917,0.9038,1.0244
Netherlands,Turkey,0.527115,0.226627,0.246258,0.5412358543441771,0.33611,0.6576164364814758,1.7794,1.0316
Netherlands,United States,0.3623,0.2595,0.3782,0.34728917686179184,0.536256,0.2454361468553543,1.2369,1.275
Netherlands,Belgium,0.500884,0.240427,0.258689,0.37885246605789225,0.407341,0.6840447187423706,1.3254,1.2375
Netherlands,Egypt,0.386171,0.296772,0.317057,0.47307052656426696,0.359925,0.3255344033241272,1.2324,0.7291
Netherlands,Iran,0.44466,0.278799,0.276541,0.36606627318009777,0.410394,0.5430968403816223,1.1842,1.1145
Netherlands,New Zealand,0.394753,0.273472,0.331775,0.29931233157164044,0.579214,0.34437406063079834,1.1083,1.3426
Netherlands,Bosnia and Herzegovina,0.669375,0.205137,0.125488,0.7497376202680489,0.570056,0.6697055697441101,2.3069,0.6173
Netherlands,Canada,0.419634,0.31659,0.263775,0.32440905762628025,0.499427,0.4477241337299347,1.095,1.1925
Netherlands,Qatar,0.572134,0.236288,0.191578,0.6400731083685324,0.595982,0.4913812279701233,2.1086,0.9212
Netherlands,Switzerland,0.446424,0.268309,0.285267,0.40987727133303753,0.391875,0.5212205052375793,1.3643,1.1426
Netherlands,Brazil,0.342289,0.259687,0.398025,0.12980864811461346,0.433247,0.4704219400882721,0.6821,1.7865
Netherlands,Haiti,0.604965,0.222447,0.172588,0.6706556450102499,0.465451,0.6490756869316101,2.1668,0.8417
Netherlands,Morocco,0.372619,0.286228,0.341153,0.2861270709627007,0.2251,0.5634817481040955,0.8528,1.019
Netherlands,Scotland,0.482784,0.25072,0.266496,0.5603505761202809,0.453447,0.4331021308898926,1.6792,0.8573
Netherlands,Cape Verde,0.584221,0.237966,0.177813,0.7100401620755266,0.507523,0.5255113244056702,2.0142,0.5673
Netherlands,Saudi Arabia,0.477665,0.279748,0.242586,0.4702400510839278,0.548991,0.43092355132102966,1.2486,0.758
Netherlands,Spain,0.327902,0.276853,0.395245,0.2260942111255412,0.192421,0.523881196975708,0.9911,1.5991
Netherlands,Uruguay,0.378194,0.27665,0.345157,0.2095676983805445,0.497481,0.4444791078567505,0.765,1.3077
Netherlands,Colombia,0.414236,0.245995,0.339769,0.18095343785870072,0.434964,0.6143918037414551,0.8354,1.6479
Netherlands,DR Congo,0.461523,0.299939,0.238538,0.5394851112452171,0.374586,0.45476603507995605,1.409,0.6724
Netherlands,Portugal,0.456946,0.246778,0.296276,0.31551729781494914,0.390858,0.6374096274375916,1.1969,1.3834
Netherlands,Uzbekistan,0.513387,0.266501,0.220112,0.41309883533721126,0.450304,0.653545618057251,1.118,0.8261
Netherlands,Croatia,0.392427,0.283193,0.32438,0.3959188852471932,0.391089,0.39020368456840515,1.2465,1.0596
Netherlands,England,0.426765,0.242035,0.331201,0.2520233877361568,0.237455,0.7306492328643799,0.8864,1.2599
Netherlands,Ghana,0.584654,0.251288,0.164058,0.5938373834540106,0.512836,0.6301388740539551,1.6881,0.7374
Netherlands,Panama,0.436534,0.262625,0.300841,0.4983292968418796,0.447107,0.371438592672348,1.5242,0.9479
Netherlands,Curaçao,0.480959,0.24702,0.272021,0.5760218730715584,0.464297,0.405569851398468,1.6228,0.7442
Netherlands,Ecuador,0.428681,0.266867,0.304452,0.21869552348778348,0.429344,0.6223738193511963,0.696,1.1183
Netherlands,Germany,0.437189,0.24663,0.31618,0.341793224301328,0.354446,0.587600588798523,1.3451,1.4482
Netherlands,Ivory Coast,0.511186,0.257583,0.231231,0.5010481939727087,0.372884,0.624509334564209,1.3465,0.7492
Netherlands,Czech Republic,0.505585,0.251451,0.242963,0.599262181193197,0.535885,0.3961810767650604,1.8055,0.8223
Netherlands,Mexico,0.499931,0.267393,0.232676,0.32426920239175316,0.471608,0.683667778968811,1.002,1.0593
Netherlands,South Africa,0.606278,0.223276,0.170446,0.6321794517230978,0.511899,0.6532613635063171,1.8156,0.7047
Netherlands,South Korea,0.517657,0.241778,0.240566,0.36058332851592273,0.408935,0.7446320056915283,1.1539,1.0997
Netherlands,France,0.331729,0.268736,0.399535,0.28880928668084555,0.281176,0.40941697359085083,1.0317,1.285
Netherlands,Iraq,0.526794,0.260248,0.212958,0.505226179337714,0.47695,0.5842028260231018,1.336,0.7225
Netherlands,Norway,0.499185,0.233593,0.267222,0.47093033908294857,0.300656,0.6745308637619019,1.5841,1.127
Netherlands,Senegal,0.375086,0.305725,0.319189,0.3990836767374437,0.295087,0.4130218029022217,1.1529,0.9279
Netherlands,Japan,0.419701,0.260908,0.319391,0.24303785793113172,0.35795,0.6294885277748108,0.9198,1.3697
Netherlands,Sweden,0.465914,0.242654,0.291432,0.5676891893198506,0.550266,0.30839383602142334,1.8347,0.9756
Netherlands,Tunisia,0.511407,0.271225,0.217369,0.48386211628902853,0.447574,0.5848562121391296,1.269,0.7295
Sweden,Algeria,0.381488,0.268671,0.349841,0.32793017277423847,0.157861,0.5990963578224182,1.2012,1.3242
Sweden,Argentina,0.310569,0.198884,0.490547,0.047401946182870275,0.165991,0.6626074910163879,0.4506,2.418
Sweden,Austria,0.416036,0.264108,0.319856,0.33253648650046636,0.280095,0.5954287052154541,1.1741,1.263
Sweden,Jordan,0.27526,0.279557,0.445184,0.3067185986800622,0.30895,0.22084464132785797,1.0993,1.2897
Sweden,Australia,0.220414,0.271125,0.508461,0.1818385894648282,0.219855,0.25650832056999207,0.7936,1.5602
Sweden,Paraguay,0.336034,0.274041,0.389925,0.1666721431322718,0.314765,0.5086438059806824,0.6729,1.4343
Sweden,Turkey,0.407821,0.235599,0.356579,0.33733082998964353,0.164993,0.6555210947990417,1.3248,1.4444
Sweden,United States,0.224747,0.235666,0.539587,0.18390776382512802,0.352065,0.16682101786136627,0.9209,1.7851
Sweden,Belgium,0.364855,0.238198,0.396947,0.20611474429313614,0.219685,0.6207670569419861,0.9867,1.7327
Sweden,Egypt,0.277271,0.302762,0.419966,0.3061854047984556,0.182151,0.3220245838165283,0.9175,1.0208
Sweden,Iran,0.306109,0.276026,0.417865,0.20408825748866954,0.222271,0.4634689390659332,0.8816,1.5605
Sweden,New Zealand,0.296789,0.247002,0.456208,0.15152290465135493,0.409956,0.3460733890533447,0.8251,1.8798
Sweden,Bosnia and Herzegovina,0.563767,0.221712,0.214521,0.5678810777534007,0.396868,0.6854048371315002,1.7175,0.8642
Sweden,Canada,0.28457,0.308062,0.407368,0.1733577110728901,0.308718,0.3692689538002014,0.8152,1.6697
Sweden,Qatar,0.452341,0.256003,0.291656,0.4310043683835814,0.435083,0.48504528403282166,1.5699,1.2898
Sweden,Switzerland,0.305803,0.272223,0.421974,0.2321458457816902,0.206912,0.4482477605342865,1.0157,1.5998
Sweden,Brazil,0.229289,0.236422,0.534289,0.05153694086862773,0.24235,0.38385435938835144,0.5079,2.5012
Sweden,Haiti,0.446408,0.257676,0.295917,0.46646834516309804,0.272993,0.5581949353218079,1.6132,1.1785
Sweden,Morocco,0.293926,0.263164,0.44291,0.1574765636047141,0.096935,0.5681715607643127,0.6349,1.4267
Sweden,Scotland,0.333098,0.266463,0.400438,0.3662630532603943,0.261229,0.3564451336860657,1.2502,1.2003
Sweden,Cape Verde,0.437388,0.274299,0.288313,0.5310641117092982,0.317806,0.44063636660575867,1.4996,0.7943
Sweden,Saudi Arabia,0.343242,0.289986,0.366773,0.3017495174200804,0.368333,0.3627544045448303,0.9296,1.0613
Sweden,Spain,0.259399,0.24609,0.494512,0.1019595380561386,0.079973,0.5398533344268799,0.7379,2.2389
Sweden,Uruguay,0.25773,0.250542,0.491728,0.1017035532264684,0.306567,0.36531513929367065,0.5695,1.8309
Sweden,Colombia,0.297665,0.224417,0.477918,0.07795255639099773,0.243913,0.5412521362304688,0.622,2.3072
Sweden,DR Congo,0.327122,0.312981,0.359898,0.36429224013244615,0.193253,0.39336350560188293,1.049,0.9415
Sweden,Portugal,0.323551,0.240285,0.436164,0.1595337684039009,0.20609,0.5635170936584473,0.8911,1.937
Sweden,Uzbekistan,0.376076,0.273798,0.350126,0.25407753110379067,0.258218,0.5774815082550049,0.8323,1.1566
Sweden,Croatia,0.255988,0.281705,0.462307,0.22729553542563083,0.206277,0.3198867440223694,0.928,1.4836
Sweden,England,0.347749,0.219717,0.432534,0.1270730146727109,0.103672,0.7352761030197144,0.66,1.7641
Sweden,Ghana,0.44181,0.273607,0.284583,0.40502974204771774,0.3239,0.5644461512565613,1.2568,1.0325
Sweden,Panama,0.284936,0.271123,0.443941,0.3093992983585077,0.255184,0.28467443585395813,1.1348,1.3271
Sweden,Curaçao,0.332077,0.267073,0.40085,0.38896030135222437,0.271844,0.32474491000175476,1.2082,1.042
Sweden,Ecuador,0.310209,0.249573,0.440219,0.11302311874890732,0.238829,0.5462128520011902,0.5182,1.5657
Sweden,Germany,0.3279,0.230687,0.441412,0.17272689966353907,0.17811,0.5839856863021851,1.0014,2.0276
Sweden,Ivory Coast,0.37275,0.278257,0.348993,0.3265794027090871,0.191942,0.5513443350791931,1.0025,1.0489
Sweden,Czech Republic,0.35437,0.271835,0.373795,0.4025064568533504,0.351601,0.3119349479675293,1.3442,1.1514
Sweden,Mexico,0.372504,0.263933,0.363563,0.17968839921541427,0.279193,0.6209512948989868,0.746,1.4831
Sweden,South Africa,0.454397,0.255278,0.290325,0.4424019826636005,0.322817,0.5643864870071411,1.3517,0.9867
Sweden,South Korea,0.382169,0.245924,0.371906,0.20124975032296685,0.221032,0.6705930829048157,0.8591,1.5397
Sweden,France,0.236849,0.250219,0.512932,0.14760998944286696,0.129088,0.4003710448741913,0.7681,1.7991
Sweden,Iraq,0.38051,0.280479,0.339011,0.3320730533071267,0.284668,0.49733859300613403,0.9947,1.0116
Sweden,Norway,0.39418,0.230142,0.375677,0.27662956981077047,0.141276,0.6929739117622375,1.1794,1.5779
Sweden,Senegal,0.27766,0.300311,0.422029,0.23742483099366427,0.137733,0.4200380742549896,0.8583,1.2992
Sweden,Japan,0.326885,0.234309,0.438806,0.11813954244392534,0.180688,0.6298125386238098,0.6848,1.9178
Sweden,Netherlands,0.264823,0.271096,0.464081,0.1902015951788625,0.189734,0.39026913046836853,0.9756,1.8347
Sweden,Tunisia,0.36783,0.289169,0.343,0.314573794913631,0.255626,0.5014144778251648,0.9448,1.0214
Tunisia,Algeria,0.406496,0.288456,0.305048,0.32206831919629136,0.251175,0.6013138890266418,0.8983,0.916
Tunisia,Argentina,0.342706,0.229689,0.427605,0.06404320488545023,0.261948,0.6611073017120361,0.337,1.6726
Tunisia,Austria,0.463913,0.279663,0.256424,0.32462348487350534,0.396456,0.6434268355369568,0.878,0.8736
Tunisia,Jordan,0.331633,0.30612,0.362247,0.3019157517050205,0.42619,0.2880464494228363,0.8221,0.8921
Tunisia,Australia,0.254619,0.297101,0.448281,0.19222655067799777,0.329098,0.25633886456489563,0.5934,1.0792
Tunisia,Paraguay,0.407165,0.285324,0.307511,0.17503487020401146,0.432,0.6031696796417236,0.5032,0.9921
Tunisia,Turkey,0.434006,0.25493,0.311064,0.33350081776481505,0.260635,0.6572586894035339,0.9907,0.9991
Tunisia,United States,0.291486,0.263215,0.4453,0.1983557106751257,0.467906,0.24501192569732666,0.6886,1.2348
Tunisia,Belgium,0.400724,0.260348,0.338928,0.2185956900005992,0.328897,0.6231387853622437,0.7379,1.1985
Tunisia,Egypt,0.301433,0.327367,0.3712,0.2933178655200906,0.282848,0.3229065537452698,0.6861,0.7061
Tunisia,Iran,0.340622,0.301037,0.358342,0.21338459989550415,0.331949,0.46480709314346313,0.6593,1.0794
Tunisia,New Zealand,0.331984,0.275876,0.392141,0.16842202080496946,0.519344,0.34242168068885803,0.617,1.3003
Tunisia,Bosnia and Herzegovina,0.576488,0.248218,0.175294,0.524911407165708,0.508142,0.6755537390708923,1.2843,0.5978
Tunisia,Canada,0.34685,0.329947,0.323203,0.18617681893107466,0.425957,0.4359803795814514,0.6096,1.1549
Tunisia,Qatar,0.477825,0.272747,0.249428,0.4139621210006327,0.540202,0.49000033736228943,1.174,0.8922
Tunisia,Switzerland,0.338287,0.295258,0.366455,0.2405180565970646,0.313601,0.4472563564777374,0.7596,1.1066
Tunisia,Brazil,0.268217,0.262876,0.468908,0.06956328363609691,0.35514,0.38659602403640747,0.3798,1.7301
Tunisia,Haiti,0.504916,0.26194,0.233144,0.4428293915849136,0.388899,0.649532675743103,1.2064,0.8151
Tunisia,Morocco,0.314794,0.294715,0.390491,0.16599007762692738,0.164407,0.5654371380805969,0.4748,0.9868
Tunisia,Scotland,0.392323,0.282771,0.324906,0.35334078157239435,0.376164,0.4405196011066437,0.9349,0.8303
Tunisia,Cape Verde,0.485096,0.287234,0.22767,0.4884637550932876,0.435015,0.5196237564086914,1.1214,0.5494
Tunisia,Saudi Arabia,0.396817,0.307808,0.295375,0.2906416237510452,0.482864,0.430332213640213,0.6952,0.7341
Tunisia,Spain,0.282265,0.273622,0.444113,0.12282662884658962,0.138174,0.5380123257637024,0.5518,1.5487
Tunisia,Uruguay,0.323541,0.280104,0.396355,0.11745354774162362,0.423792,0.43877795338630676,0.4259,1.2664
Tunisia,Colombia,0.336593,0.252448,0.410959,0.09781488261525186,0.356907,0.5421444773674011,0.4651,1.5959
Tunisia,DR Congo,0.34964,0.335818,0.314542,0.3431122951819286,0.296822,0.3953743875026703,0.7845,0.6512
Tunisia,Portugal,0.357592,0.265972,0.376435,0.17714748690937956,0.312605,0.5582774877548218,0.6664,1.3398
Tunisia,Uzbekistan,0.434061,0.288575,0.277364,0.2500055049778263,0.372859,0.6502722501754761,0.6224,0.8
Tunisia,Croatia,0.287215,0.304595,0.408189,0.2335438306092993,0.312831,0.3175964653491974,0.694,1.0262
Tunisia,England,0.369986,0.248079,0.381935,0.14230728623925526,0.17456,0.7274228930473328,0.4935,1.2202
Tunisia,Ghana,0.489941,0.288676,0.221383,0.3830834856212541,0.441009,0.6255388259887695,0.9398,0.7142
Tunisia,Panama,0.318818,0.290262,0.39092,0.30532840867702954,0.369511,0.29319271445274353,0.8486,0.918
Tunisia,Curaçao,0.389041,0.283206,0.327752,0.36891779278264664,0.387667,0.40868446230888367,0.9035,0.7208
Tunisia,Ecuador,0.345058,0.281419,0.373523,0.12480262600082506,0.351136,0.5441785454750061,0.3875,1.083
Tunisia,Germany,0.362662,0.25468,0.382658,0.1913247610858522,0.277685,0.5849819779396057,0.7489,1.4025
Tunisia,Ivory Coast,0.396293,0.302069,0.301638,0.31277898806392934,0.295187,0.5495172142982483,0.7497,0.7255
Tunisia,Czech Republic,0.410766,0.28795,0.301284,0.38455034002714084,0.467473,0.3923879563808441,1.0052,0.7964
Tunisia,Mexico,0.429419,0.280725,0.289856,0.1885758316765268,0.395502,0.6776400804519653,0.5579,1.0259
Tunisia,South Africa,0.508607,0.264722,0.226671,0.4152185761527913,0.439949,0.6465747952461243,1.0108,0.6825
Tunisia,South Korea,0.416785,0.270525,0.31269,0.21027317782001292,0.330489,0.6726260185241699,0.6424,1.065
Tunisia,France,0.269982,0.276398,0.45362,0.1633021809290398,0.211576,0.41253727674484253,0.5744,1.2444
Tunisia,Iraq,0.438907,0.292698,0.268395,0.3164884388174839,0.401271,0.5804067254066467,0.7438,0.6997
Tunisia,Norway,0.414585,0.254255,0.33116,0.2811991027109175,0.228637,0.6776987314224243,0.8819,1.0914
Tunisia,Senegal,0.299778,0.325396,0.374825,0.23856393486532088,0.223722,0.41355249285697937,0.6419,0.8986
Tunisia,Japan,0.361077,0.262536,0.376387,0.1355729431091289,0.280984,0.6298177242279053,0.5121,1.3265
Tunisia,Netherlands,0.297486,0.296396,0.406118,0.20521162777039376,0.292426,0.3866228461265564,0.7295,1.269
Tunisia,Sweden,0.373412,0.272554,0.354034,0.3549743132510191,0.484374,0.3070644438266754,1.0214,0.9448
